Copyright 1986-2020 Xilinx, Inc. All Rights Reserved.
--------------------------------------------------------------------------------------------------------------------------------------------------------------------------------
| Tool Version : Vivado v.2020.2 (win64) Build 3064766 Wed Nov 18 09:12:45 MST 2020
| Date         : Tue Sep  9 08:49:47 2025
| Host         : DESKTOP-7CFQ9ND running 64-bit major release  (build 9200)
| Command      : report_timing_summary -max_paths 10 -file MCU_timing_summary_routed.rpt -pb MCU_timing_summary_routed.pb -rpx MCU_timing_summary_routed.rpx -warn_on_violation
| Design       : MCU
| Device       : 7a35t-cpg236
| Speed File   : -1  PRODUCTION 1.23 2018-06-13
--------------------------------------------------------------------------------------------------------------------------------------------------------------------------------

Timing Summary Report

------------------------------------------------------------------------------------------------
| Timer Settings
| --------------
------------------------------------------------------------------------------------------------

  Enable Multi Corner Analysis               :  Yes
  Enable Pessimism Removal                   :  Yes
  Pessimism Removal Resolution               :  Nearest Common Node
  Enable Input Delay Default Clock           :  No
  Enable Preset / Clear Arcs                 :  No
  Disable Flight Delays                      :  No
  Ignore I/O Paths                           :  No
  Timing Early Launch at Borrowing Latches   :  No
  Borrow Time for Max Delay Exceptions       :  Yes
  Merge Timing Exceptions                    :  Yes

  Corner  Analyze    Analyze    
  Name    Max Paths  Min Paths  
  ------  ---------  ---------  
  Slow    Yes        Yes        
  Fast    Yes        Yes        



check_timing report

Table of Contents
-----------------
1. checking no_clock (0)
2. checking constant_clock (0)
3. checking pulse_width_clock (0)
4. checking unconstrained_internal_endpoints (0)
5. checking no_input_delay (18)
6. checking no_output_delay (28)
7. checking multiple_clock (0)
8. checking generated_clocks (0)
9. checking loops (0)
10. checking partial_input_delay (0)
11. checking partial_output_delay (0)
12. checking latch_loops (0)

1. checking no_clock (0)
------------------------
 There are 0 register/latch pins with no clock.


2. checking constant_clock (0)
------------------------------
 There are 0 register/latch pins with constant_clock.


3. checking pulse_width_clock (0)
---------------------------------
 There are 0 register/latch pins which need pulse_width check


4. checking unconstrained_internal_endpoints (0)
------------------------------------------------
 There are 0 pins that are not constrained for maximum delay.

 There are 0 pins that are not constrained for maximum delay due to constant clock.


5. checking no_input_delay (18)
-------------------------------
 There are 18 input ports with no input delay specified. (HIGH)

 There are 0 input ports with no input delay but user has a false path constraint.


6. checking no_output_delay (28)
--------------------------------
 There are 28 ports with no output delay specified. (HIGH)

 There are 0 ports with no output delay but user has a false path constraint

 There are 0 ports with no output delay but with a timing clock defined on it or propagating through it


7. checking multiple_clock (0)
------------------------------
 There are 0 register/latch pins with multiple clocks.


8. checking generated_clocks (0)
--------------------------------
 There are 0 generated clocks that are not connected to a clock source.


9. checking loops (0)
---------------------
 There are 0 combinational loops in the design.


10. checking partial_input_delay (0)
------------------------------------
 There are 0 input ports with partial input delay specified.


11. checking partial_output_delay (0)
-------------------------------------
 There are 0 ports with partial output delay specified.


12. checking latch_loops (0)
----------------------------
 There are 0 combinational latch loops in the design through latch input



------------------------------------------------------------------------------------------------
| Design Timing Summary
| ---------------------
------------------------------------------------------------------------------------------------

    WNS(ns)      TNS(ns)  TNS Failing Endpoints  TNS Total Endpoints      WHS(ns)      THS(ns)  THS Failing Endpoints  THS Total Endpoints     WPWS(ns)     TPWS(ns)  TPWS Failing Endpoints  TPWS Total Endpoints  
    -------      -------  ---------------------  -------------------      -------      -------  ---------------------  -------------------     --------     --------  ----------------------  --------------------  
      0.291        0.000                      0                 2214        0.082        0.000                      0                 2214        3.750        0.000                       0                   976  


All user specified timing constraints are met.


------------------------------------------------------------------------------------------------
| Clock Summary
| -------------
------------------------------------------------------------------------------------------------

Clock        Waveform(ns)       Period(ns)      Frequency(MHz)
-----        ------------       ----------      --------------
sys_clk_pin  {0.000 5.000}      10.000          100.000         


------------------------------------------------------------------------------------------------
| Intra Clock Table
| -----------------
------------------------------------------------------------------------------------------------

Clock             WNS(ns)      TNS(ns)  TNS Failing Endpoints  TNS Total Endpoints      WHS(ns)      THS(ns)  THS Failing Endpoints  THS Total Endpoints     WPWS(ns)     TPWS(ns)  TPWS Failing Endpoints  TPWS Total Endpoints  
-----             -------      -------  ---------------------  -------------------      -------      -------  ---------------------  -------------------     --------     --------  ----------------------  --------------------  
sys_clk_pin         0.291        0.000                      0                 2214        0.082        0.000                      0                 2214        3.750        0.000                       0                   976  


------------------------------------------------------------------------------------------------
| Inter Clock Table
| -----------------
------------------------------------------------------------------------------------------------

From Clock    To Clock          WNS(ns)      TNS(ns)  TNS Failing Endpoints  TNS Total Endpoints      WHS(ns)      THS(ns)  THS Failing Endpoints  THS Total Endpoints  
----------    --------          -------      -------  ---------------------  -------------------      -------      -------  ---------------------  -------------------  


------------------------------------------------------------------------------------------------
| Other Path Groups Table
| -----------------------
------------------------------------------------------------------------------------------------

Path Group    From Clock    To Clock          WNS(ns)      TNS(ns)  TNS Failing Endpoints  TNS Total Endpoints      WHS(ns)      THS(ns)  THS Failing Endpoints  THS Total Endpoints  
----------    ----------    --------          -------      -------  ---------------------  -------------------      -------      -------  ---------------------  -------------------  


------------------------------------------------------------------------------------------------
| Timing Details
| --------------
------------------------------------------------------------------------------------------------


---------------------------------------------------------------------------------------------------
From Clock:  sys_clk_pin
  To Clock:  sys_clk_pin

Setup :            0  Failing Endpoints,  Worst Slack        0.291ns,  Total Violation        0.000ns
Hold  :            0  Failing Endpoints,  Worst Slack        0.082ns,  Total Violation        0.000ns
PW    :            0  Failing Endpoints,  Worst Slack        3.750ns,  Total Violation        0.000ns
---------------------------------------------------------------------------------------------------


Max Delay Paths
--------------------------------------------------------------------------------------
Slack (MET) :             0.291ns  (required time - arrival time)
  Source:                 U_RV32I/U_DataPath/U_PC/q_reg[5]/C
                            (rising edge-triggered cell FDCE clocked by sys_clk_pin  {rise@0.000ns fall@5.000ns period=10.000ns})
  Destination:            U_DataPath/U_RegFile/mem_reg_r2_0_31_30_31/RAMA_D1/I
                            (rising edge-triggered cell RAMD32 clocked by sys_clk_pin  {rise@0.000ns fall@5.000ns period=10.000ns})
  Path Group:             sys_clk_pin
  Path Type:              Setup (Max at Slow Process Corner)
  Requirement:            10.000ns  (sys_clk_pin rise@10.000ns - sys_clk_pin rise@0.000ns)
  Data Path Delay:        9.383ns  (logic 2.132ns (22.721%)  route 7.251ns (77.279%))
  Logic Levels:           8  (LUT2=2 LUT3=1 LUT5=2 LUT6=3)
  Clock Path Skew:        -0.032ns (DCD - SCD + CPR)
    Destination Clock Delay (DCD):    4.783ns = ( 14.783 - 10.000 ) 
    Source Clock Delay      (SCD):    5.075ns
    Clock Pessimism Removal (CPR):    0.260ns
  Clock Uncertainty:      0.035ns  ((TSJ^2 + TIJ^2)^1/2 + DJ) / 2 + PE
    Total System Jitter     (TSJ):    0.071ns
    Total Input Jitter      (TIJ):    0.000ns
    Discrete Jitter          (DJ):    0.000ns
    Phase Error              (PE):    0.000ns

    Location             Delay type                Incr(ns)  Path(ns)    Netlist Resource(s)
  -------------------------------------------------------------------    -------------------
                         (clock sys_clk_pin rise edge)
                                                      0.000     0.000 r  
    W5                                                0.000     0.000 r  clk (IN)
                         net (fo=0)                   0.000     0.000    clk
    W5                   IBUF (Prop_ibuf_I_O)         1.458     1.458 r  clk_IBUF_inst/O
                         net (fo=1, routed)           1.967     3.425    clk_IBUF
    BUFGCTRL_X0Y0        BUFG (Prop_bufg_I_O)         0.096     3.521 r  clk_IBUF_BUFG_inst/O
                         net (fo=975, routed)         1.554     5.075    U_RV32I/U_DataPath/U_PC/clk_IBUF_BUFG
    SLICE_X47Y29         FDCE                                         r  U_RV32I/U_DataPath/U_PC/q_reg[5]/C
  -------------------------------------------------------------------    -------------------
    SLICE_X47Y29         FDCE (Prop_fdce_C_Q)         0.456     5.531 r  U_RV32I/U_DataPath/U_PC/q_reg[5]/Q
                         net (fo=55, routed)          1.191     6.722    U_RV32I/U_DataPath/U_PC/Q[5]
    SLICE_X41Y30         LUT6 (Prop_lut6_I3_O)        0.124     6.846 f  U_RV32I/U_DataPath/U_PC/g1_b12/O
                         net (fo=10, routed)          0.610     7.456    U_ROM/q[31]_i_15
    SLICE_X41Y29         LUT3 (Prop_lut3_I0_O)        0.150     7.606 f  U_ROM/q[31]_i_4/O
                         net (fo=6, routed)           0.956     8.562    U_RV32I/U_ControlUnit/instrCode[2]
    SLICE_X42Y33         LUT5 (Prop_lut5_I0_O)        0.326     8.888 f  U_RV32I/U_ControlUnit/mem_reg_r1_0_31_0_5_i_89/O
                         net (fo=20, routed)          0.982     9.870    U_RV32I/U_ControlUnit/FSM_sequential_state_reg[1]_0
    SLICE_X36Y31         LUT2 (Prop_lut2_I0_O)        0.150    10.020 f  U_RV32I/U_ControlUnit/mem_reg_r1_0_31_0_5_i_74/O
                         net (fo=44, routed)          1.263    11.283    U_RV32I/U_DataPath/U_DecReg_RFRD1/q_reg[2]_3
    SLICE_X40Y39         LUT2 (Prop_lut2_I1_O)        0.352    11.635 r  U_RV32I/U_DataPath/U_DecReg_RFRD1/q[31]_i_16/O
                         net (fo=1, routed)           0.567    12.202    U_RV32I/U_ControlUnit/q_reg[31]_5
    SLICE_X39Y38         LUT6 (Prop_lut6_I1_O)        0.326    12.528 r  U_RV32I/U_ControlUnit/q[31]_i_5/O
                         net (fo=1, routed)           0.564    13.092    U_RV32I/U_ControlUnit/q[31]_i_5_n_0
    SLICE_X37Y38         LUT6 (Prop_lut6_I3_O)        0.124    13.216 r  U_RV32I/U_ControlUnit/q[31]_i_1__0/O
                         net (fo=2, routed)           0.474    13.690    U_RV32I/U_ControlUnit/q_reg[0]_1[16]
    SLICE_X44Y38         LUT5 (Prop_lut5_I1_O)        0.124    13.814 r  U_RV32I/U_ControlUnit/mem_reg_r1_0_31_30_31_i_1/O
                         net (fo=2, routed)           0.645    14.459    U_DataPath/U_RegFile/mem_reg_r2_0_31_30_31/DIA1
    SLICE_X42Y36         RAMD32                                       r  U_DataPath/U_RegFile/mem_reg_r2_0_31_30_31/RAMA_D1/I
  -------------------------------------------------------------------    -------------------

                         (clock sys_clk_pin rise edge)
                                                     10.000    10.000 r  
    W5                                                0.000    10.000 r  clk (IN)
                         net (fo=0)                   0.000    10.000    clk
    W5                   IBUF (Prop_ibuf_I_O)         1.388    11.388 r  clk_IBUF_inst/O
                         net (fo=1, routed)           1.862    13.250    clk_IBUF
    BUFGCTRL_X0Y0        BUFG (Prop_bufg_I_O)         0.091    13.341 r  clk_IBUF_BUFG_inst/O
                         net (fo=975, routed)         1.442    14.783    U_DataPath/U_RegFile/mem_reg_r2_0_31_30_31/WCLK
    SLICE_X42Y36         RAMD32                                       r  U_DataPath/U_RegFile/mem_reg_r2_0_31_30_31/RAMA_D1/CLK
                         clock pessimism              0.260    15.043    
                         clock uncertainty           -0.035    15.008    
    SLICE_X42Y36         RAMD32 (Setup_ramd32_CLK_I)
                                                     -0.258    14.750    U_DataPath/U_RegFile/mem_reg_r2_0_31_30_31/RAMA_D1
  -------------------------------------------------------------------
                         required time                         14.750    
                         arrival time                         -14.459    
  -------------------------------------------------------------------
                         slack                                  0.291    

Slack (MET) :             0.432ns  (required time - arrival time)
  Source:                 U_RV32I/U_DataPath/U_PC/q_reg[5]/C
                            (rising edge-triggered cell FDCE clocked by sys_clk_pin  {rise@0.000ns fall@5.000ns period=10.000ns})
  Destination:            U_DataPath/U_RegFile/mem_reg_r1_0_31_30_31/RAMA_D1/I
                            (rising edge-triggered cell RAMD32 clocked by sys_clk_pin  {rise@0.000ns fall@5.000ns period=10.000ns})
  Path Group:             sys_clk_pin
  Path Type:              Setup (Max at Slow Process Corner)
  Requirement:            10.000ns  (sys_clk_pin rise@10.000ns - sys_clk_pin rise@0.000ns)
  Data Path Delay:        9.244ns  (logic 2.132ns (23.065%)  route 7.112ns (76.935%))
  Logic Levels:           8  (LUT2=2 LUT3=1 LUT5=2 LUT6=3)
  Clock Path Skew:        -0.031ns (DCD - SCD + CPR)
    Destination Clock Delay (DCD):    4.784ns = ( 14.784 - 10.000 ) 
    Source Clock Delay      (SCD):    5.075ns
    Clock Pessimism Removal (CPR):    0.260ns
  Clock Uncertainty:      0.035ns  ((TSJ^2 + TIJ^2)^1/2 + DJ) / 2 + PE
    Total System Jitter     (TSJ):    0.071ns
    Total Input Jitter      (TIJ):    0.000ns
    Discrete Jitter          (DJ):    0.000ns
    Phase Error              (PE):    0.000ns

    Location             Delay type                Incr(ns)  Path(ns)    Netlist Resource(s)
  -------------------------------------------------------------------    -------------------
                         (clock sys_clk_pin rise edge)
                                                      0.000     0.000 r  
    W5                                                0.000     0.000 r  clk (IN)
                         net (fo=0)                   0.000     0.000    clk
    W5                   IBUF (Prop_ibuf_I_O)         1.458     1.458 r  clk_IBUF_inst/O
                         net (fo=1, routed)           1.967     3.425    clk_IBUF
    BUFGCTRL_X0Y0        BUFG (Prop_bufg_I_O)         0.096     3.521 r  clk_IBUF_BUFG_inst/O
                         net (fo=975, routed)         1.554     5.075    U_RV32I/U_DataPath/U_PC/clk_IBUF_BUFG
    SLICE_X47Y29         FDCE                                         r  U_RV32I/U_DataPath/U_PC/q_reg[5]/C
  -------------------------------------------------------------------    -------------------
    SLICE_X47Y29         FDCE (Prop_fdce_C_Q)         0.456     5.531 r  U_RV32I/U_DataPath/U_PC/q_reg[5]/Q
                         net (fo=55, routed)          1.191     6.722    U_RV32I/U_DataPath/U_PC/Q[5]
    SLICE_X41Y30         LUT6 (Prop_lut6_I3_O)        0.124     6.846 f  U_RV32I/U_DataPath/U_PC/g1_b12/O
                         net (fo=10, routed)          0.610     7.456    U_ROM/q[31]_i_15
    SLICE_X41Y29         LUT3 (Prop_lut3_I0_O)        0.150     7.606 f  U_ROM/q[31]_i_4/O
                         net (fo=6, routed)           0.956     8.562    U_RV32I/U_ControlUnit/instrCode[2]
    SLICE_X42Y33         LUT5 (Prop_lut5_I0_O)        0.326     8.888 f  U_RV32I/U_ControlUnit/mem_reg_r1_0_31_0_5_i_89/O
                         net (fo=20, routed)          0.982     9.870    U_RV32I/U_ControlUnit/FSM_sequential_state_reg[1]_0
    SLICE_X36Y31         LUT2 (Prop_lut2_I0_O)        0.150    10.020 f  U_RV32I/U_ControlUnit/mem_reg_r1_0_31_0_5_i_74/O
                         net (fo=44, routed)          1.263    11.283    U_RV32I/U_DataPath/U_DecReg_RFRD1/q_reg[2]_3
    SLICE_X40Y39         LUT2 (Prop_lut2_I1_O)        0.352    11.635 r  U_RV32I/U_DataPath/U_DecReg_RFRD1/q[31]_i_16/O
                         net (fo=1, routed)           0.567    12.202    U_RV32I/U_ControlUnit/q_reg[31]_5
    SLICE_X39Y38         LUT6 (Prop_lut6_I1_O)        0.326    12.528 r  U_RV32I/U_ControlUnit/q[31]_i_5/O
                         net (fo=1, routed)           0.564    13.092    U_RV32I/U_ControlUnit/q[31]_i_5_n_0
    SLICE_X37Y38         LUT6 (Prop_lut6_I3_O)        0.124    13.216 r  U_RV32I/U_ControlUnit/q[31]_i_1__0/O
                         net (fo=2, routed)           0.474    13.690    U_RV32I/U_ControlUnit/q_reg[0]_1[16]
    SLICE_X44Y38         LUT5 (Prop_lut5_I1_O)        0.124    13.814 r  U_RV32I/U_ControlUnit/mem_reg_r1_0_31_30_31_i_1/O
                         net (fo=2, routed)           0.505    14.319    U_DataPath/U_RegFile/mem_reg_r1_0_31_30_31/DIA1
    SLICE_X42Y37         RAMD32                                       r  U_DataPath/U_RegFile/mem_reg_r1_0_31_30_31/RAMA_D1/I
  -------------------------------------------------------------------    -------------------

                         (clock sys_clk_pin rise edge)
                                                     10.000    10.000 r  
    W5                                                0.000    10.000 r  clk (IN)
                         net (fo=0)                   0.000    10.000    clk
    W5                   IBUF (Prop_ibuf_I_O)         1.388    11.388 r  clk_IBUF_inst/O
                         net (fo=1, routed)           1.862    13.250    clk_IBUF
    BUFGCTRL_X0Y0        BUFG (Prop_bufg_I_O)         0.091    13.341 r  clk_IBUF_BUFG_inst/O
                         net (fo=975, routed)         1.443    14.784    U_DataPath/U_RegFile/mem_reg_r1_0_31_30_31/WCLK
    SLICE_X42Y37         RAMD32                                       r  U_DataPath/U_RegFile/mem_reg_r1_0_31_30_31/RAMA_D1/CLK
                         clock pessimism              0.260    15.044    
                         clock uncertainty           -0.035    15.009    
    SLICE_X42Y37         RAMD32 (Setup_ramd32_CLK_I)
                                                     -0.258    14.751    U_DataPath/U_RegFile/mem_reg_r1_0_31_30_31/RAMA_D1
  -------------------------------------------------------------------
                         required time                         14.751    
                         arrival time                         -14.319    
  -------------------------------------------------------------------
                         slack                                  0.432    

Slack (MET) :             0.745ns  (required time - arrival time)
  Source:                 U_RV32I/U_DataPath/U_PC/q_reg[2]/C
                            (rising edge-triggered cell FDCE clocked by sys_clk_pin  {rise@0.000ns fall@5.000ns period=10.000ns})
  Destination:            U_DataPath/U_RegFile/mem_reg_r2_0_31_24_29/RAMA/I
                            (rising edge-triggered cell RAMD32 clocked by sys_clk_pin  {rise@0.000ns fall@5.000ns period=10.000ns})
  Path Group:             sys_clk_pin
  Path Type:              Setup (Max at Slow Process Corner)
  Requirement:            10.000ns  (sys_clk_pin rise@10.000ns - sys_clk_pin rise@0.000ns)
  Data Path Delay:        9.027ns  (logic 1.918ns (21.248%)  route 7.109ns (78.752%))
  Logic Levels:           8  (LUT2=1 LUT3=1 LUT4=1 LUT6=5)
  Clock Path Skew:        -0.032ns (DCD - SCD + CPR)
    Destination Clock Delay (DCD):    4.784ns = ( 14.784 - 10.000 ) 
    Source Clock Delay      (SCD):    5.076ns
    Clock Pessimism Removal (CPR):    0.260ns
  Clock Uncertainty:      0.035ns  ((TSJ^2 + TIJ^2)^1/2 + DJ) / 2 + PE
    Total System Jitter     (TSJ):    0.071ns
    Total Input Jitter      (TIJ):    0.000ns
    Discrete Jitter          (DJ):    0.000ns
    Phase Error              (PE):    0.000ns

    Location             Delay type                Incr(ns)  Path(ns)    Netlist Resource(s)
  -------------------------------------------------------------------    -------------------
                         (clock sys_clk_pin rise edge)
                                                      0.000     0.000 r  
    W5                                                0.000     0.000 r  clk (IN)
                         net (fo=0)                   0.000     0.000    clk
    W5                   IBUF (Prop_ibuf_I_O)         1.458     1.458 r  clk_IBUF_inst/O
                         net (fo=1, routed)           1.967     3.425    clk_IBUF
    BUFGCTRL_X0Y0        BUFG (Prop_bufg_I_O)         0.096     3.521 r  clk_IBUF_BUFG_inst/O
                         net (fo=975, routed)         1.555     5.076    U_RV32I/U_DataPath/U_PC/clk_IBUF_BUFG
    SLICE_X41Y31         FDCE                                         r  U_RV32I/U_DataPath/U_PC/q_reg[2]/C
  -------------------------------------------------------------------    -------------------
    SLICE_X41Y31         FDCE (Prop_fdce_C_Q)         0.456     5.532 r  U_RV32I/U_DataPath/U_PC/q_reg[2]/Q
                         net (fo=56, routed)          1.150     6.683    U_RV32I/U_DataPath/U_PC/Q[2]
    SLICE_X47Y29         LUT6 (Prop_lut6_I0_O)        0.124     6.807 f  U_RV32I/U_DataPath/U_PC/g1_b30/O
                         net (fo=13, routed)          0.566     7.373    U_ROM/q[31]_i_2
    SLICE_X45Y29         LUT3 (Prop_lut3_I0_O)        0.124     7.497 f  U_ROM/q[26]_i_11/O
                         net (fo=1, routed)           0.584     8.081    U_RV32I/U_ControlUnit/instrCode[3]
    SLICE_X41Y29         LUT6 (Prop_lut6_I4_O)        0.124     8.205 f  U_RV32I/U_ControlUnit/q[26]_i_6/O
                         net (fo=9, routed)           0.637     8.842    U_RV32I/U_ControlUnit/FSM_sequential_state_reg[3]_3
    SLICE_X39Y33         LUT6 (Prop_lut6_I0_O)        0.124     8.966 f  U_RV32I/U_ControlUnit/mem_reg_r1_0_31_0_5_i_88/O
                         net (fo=10, routed)          0.936     9.902    U_RV32I/U_ControlUnit/mem_reg_r1_0_31_0_5_i_88_n_0
    SLICE_X33Y31         LUT2 (Prop_lut2_I1_O)        0.150    10.052 f  U_RV32I/U_ControlUnit/q[31]_i_14/O
                         net (fo=3, routed)           0.604    10.656    U_RV32I/U_ControlUnit/q[31]_i_14_n_0
    SLICE_X35Y31         LUT6 (Prop_lut6_I0_O)        0.332    10.988 r  U_RV32I/U_ControlUnit/q[31]_i_6/O
                         net (fo=38, routed)          1.180    12.169    U_RV32I/U_DataPath/U_DecReg_RFRD1/q_reg[14]_6
    SLICE_X32Y37         LUT4 (Prop_lut4_I3_O)        0.152    12.321 r  U_RV32I/U_DataPath/U_DecReg_RFRD1/mem_reg_r1_0_31_24_29_i_11/O
                         net (fo=2, routed)           0.824    13.145    U_RV32I/U_ControlUnit/U_DataPath/U_RegFile/mem_reg_r2_0_31_24_29_0
    SLICE_X34Y38         LUT6 (Prop_lut6_I0_O)        0.332    13.477 r  U_RV32I/U_ControlUnit/mem_reg_r1_0_31_24_29_i_2/O
                         net (fo=2, routed)           0.626    14.103    U_DataPath/U_RegFile/mem_reg_r2_0_31_24_29/DIA0
    SLICE_X38Y39         RAMD32                                       r  U_DataPath/U_RegFile/mem_reg_r2_0_31_24_29/RAMA/I
  -------------------------------------------------------------------    -------------------

                         (clock sys_clk_pin rise edge)
                                                     10.000    10.000 r  
    W5                                                0.000    10.000 r  clk (IN)
                         net (fo=0)                   0.000    10.000    clk
    W5                   IBUF (Prop_ibuf_I_O)         1.388    11.388 r  clk_IBUF_inst/O
                         net (fo=1, routed)           1.862    13.250    clk_IBUF
    BUFGCTRL_X0Y0        BUFG (Prop_bufg_I_O)         0.091    13.341 r  clk_IBUF_BUFG_inst/O
                         net (fo=975, routed)         1.443    14.784    U_DataPath/U_RegFile/mem_reg_r2_0_31_24_29/WCLK
    SLICE_X38Y39         RAMD32                                       r  U_DataPath/U_RegFile/mem_reg_r2_0_31_24_29/RAMA/CLK
                         clock pessimism              0.260    15.044    
                         clock uncertainty           -0.035    15.009    
    SLICE_X38Y39         RAMD32 (Setup_ramd32_CLK_I)
                                                     -0.161    14.848    U_DataPath/U_RegFile/mem_reg_r2_0_31_24_29/RAMA
  -------------------------------------------------------------------
                         required time                         14.848    
                         arrival time                         -14.103    
  -------------------------------------------------------------------
                         slack                                  0.745    

Slack (MET) :             0.885ns  (required time - arrival time)
  Source:                 U_RV32I/U_DataPath/U_PC/q_reg[2]/C
                            (rising edge-triggered cell FDCE clocked by sys_clk_pin  {rise@0.000ns fall@5.000ns period=10.000ns})
  Destination:            U_DataPath/U_RegFile/mem_reg_r1_0_31_24_29/RAMA/I
                            (rising edge-triggered cell RAMD32 clocked by sys_clk_pin  {rise@0.000ns fall@5.000ns period=10.000ns})
  Path Group:             sys_clk_pin
  Path Type:              Setup (Max at Slow Process Corner)
  Requirement:            10.000ns  (sys_clk_pin rise@10.000ns - sys_clk_pin rise@0.000ns)
  Data Path Delay:        8.886ns  (logic 1.918ns (21.585%)  route 6.968ns (78.415%))
  Logic Levels:           8  (LUT2=1 LUT3=1 LUT4=1 LUT6=5)
  Clock Path Skew:        -0.033ns (DCD - SCD + CPR)
    Destination Clock Delay (DCD):    4.783ns = ( 14.783 - 10.000 ) 
    Source Clock Delay      (SCD):    5.076ns
    Clock Pessimism Removal (CPR):    0.260ns
  Clock Uncertainty:      0.035ns  ((TSJ^2 + TIJ^2)^1/2 + DJ) / 2 + PE
    Total System Jitter     (TSJ):    0.071ns
    Total Input Jitter      (TIJ):    0.000ns
    Discrete Jitter          (DJ):    0.000ns
    Phase Error              (PE):    0.000ns

    Location             Delay type                Incr(ns)  Path(ns)    Netlist Resource(s)
  -------------------------------------------------------------------    -------------------
                         (clock sys_clk_pin rise edge)
                                                      0.000     0.000 r  
    W5                                                0.000     0.000 r  clk (IN)
                         net (fo=0)                   0.000     0.000    clk
    W5                   IBUF (Prop_ibuf_I_O)         1.458     1.458 r  clk_IBUF_inst/O
                         net (fo=1, routed)           1.967     3.425    clk_IBUF
    BUFGCTRL_X0Y0        BUFG (Prop_bufg_I_O)         0.096     3.521 r  clk_IBUF_BUFG_inst/O
                         net (fo=975, routed)         1.555     5.076    U_RV32I/U_DataPath/U_PC/clk_IBUF_BUFG
    SLICE_X41Y31         FDCE                                         r  U_RV32I/U_DataPath/U_PC/q_reg[2]/C
  -------------------------------------------------------------------    -------------------
    SLICE_X41Y31         FDCE (Prop_fdce_C_Q)         0.456     5.532 r  U_RV32I/U_DataPath/U_PC/q_reg[2]/Q
                         net (fo=56, routed)          1.150     6.683    U_RV32I/U_DataPath/U_PC/Q[2]
    SLICE_X47Y29         LUT6 (Prop_lut6_I0_O)        0.124     6.807 f  U_RV32I/U_DataPath/U_PC/g1_b30/O
                         net (fo=13, routed)          0.566     7.373    U_ROM/q[31]_i_2
    SLICE_X45Y29         LUT3 (Prop_lut3_I0_O)        0.124     7.497 f  U_ROM/q[26]_i_11/O
                         net (fo=1, routed)           0.584     8.081    U_RV32I/U_ControlUnit/instrCode[3]
    SLICE_X41Y29         LUT6 (Prop_lut6_I4_O)        0.124     8.205 f  U_RV32I/U_ControlUnit/q[26]_i_6/O
                         net (fo=9, routed)           0.637     8.842    U_RV32I/U_ControlUnit/FSM_sequential_state_reg[3]_3
    SLICE_X39Y33         LUT6 (Prop_lut6_I0_O)        0.124     8.966 f  U_RV32I/U_ControlUnit/mem_reg_r1_0_31_0_5_i_88/O
                         net (fo=10, routed)          0.936     9.902    U_RV32I/U_ControlUnit/mem_reg_r1_0_31_0_5_i_88_n_0
    SLICE_X33Y31         LUT2 (Prop_lut2_I1_O)        0.150    10.052 f  U_RV32I/U_ControlUnit/q[31]_i_14/O
                         net (fo=3, routed)           0.604    10.656    U_RV32I/U_ControlUnit/q[31]_i_14_n_0
    SLICE_X35Y31         LUT6 (Prop_lut6_I0_O)        0.332    10.988 r  U_RV32I/U_ControlUnit/q[31]_i_6/O
                         net (fo=38, routed)          1.180    12.169    U_RV32I/U_DataPath/U_DecReg_RFRD1/q_reg[14]_6
    SLICE_X32Y37         LUT4 (Prop_lut4_I3_O)        0.152    12.321 r  U_RV32I/U_DataPath/U_DecReg_RFRD1/mem_reg_r1_0_31_24_29_i_11/O
                         net (fo=2, routed)           0.824    13.145    U_RV32I/U_ControlUnit/U_DataPath/U_RegFile/mem_reg_r2_0_31_24_29_0
    SLICE_X34Y38         LUT6 (Prop_lut6_I0_O)        0.332    13.477 r  U_RV32I/U_ControlUnit/mem_reg_r1_0_31_24_29_i_2/O
                         net (fo=2, routed)           0.485    13.962    U_DataPath/U_RegFile/mem_reg_r1_0_31_24_29/DIA0
    SLICE_X38Y38         RAMD32                                       r  U_DataPath/U_RegFile/mem_reg_r1_0_31_24_29/RAMA/I
  -------------------------------------------------------------------    -------------------

                         (clock sys_clk_pin rise edge)
                                                     10.000    10.000 r  
    W5                                                0.000    10.000 r  clk (IN)
                         net (fo=0)                   0.000    10.000    clk
    W5                   IBUF (Prop_ibuf_I_O)         1.388    11.388 r  clk_IBUF_inst/O
                         net (fo=1, routed)           1.862    13.250    clk_IBUF
    BUFGCTRL_X0Y0        BUFG (Prop_bufg_I_O)         0.091    13.341 r  clk_IBUF_BUFG_inst/O
                         net (fo=975, routed)         1.442    14.783    U_DataPath/U_RegFile/mem_reg_r1_0_31_24_29/WCLK
    SLICE_X38Y38         RAMD32                                       r  U_DataPath/U_RegFile/mem_reg_r1_0_31_24_29/RAMA/CLK
                         clock pessimism              0.260    15.043    
                         clock uncertainty           -0.035    15.008    
    SLICE_X38Y38         RAMD32 (Setup_ramd32_CLK_I)
                                                     -0.161    14.847    U_DataPath/U_RegFile/mem_reg_r1_0_31_24_29/RAMA
  -------------------------------------------------------------------
                         required time                         14.847    
                         arrival time                         -13.962    
  -------------------------------------------------------------------
                         slack                                  0.885    

Slack (MET) :             0.889ns  (required time - arrival time)
  Source:                 U_RV32I/U_DataPath/U_PC/q_reg[3]/C
                            (rising edge-triggered cell FDCE clocked by sys_clk_pin  {rise@0.000ns fall@5.000ns period=10.000ns})
  Destination:            U_DataPath/U_RegFile/mem_reg_r1_0_31_18_23/RAMC_D1/I
                            (rising edge-triggered cell RAMD32 clocked by sys_clk_pin  {rise@0.000ns fall@5.000ns period=10.000ns})
  Path Group:             sys_clk_pin
  Path Type:              Setup (Max at Slow Process Corner)
  Requirement:            10.000ns  (sys_clk_pin rise@10.000ns - sys_clk_pin rise@0.000ns)
  Data Path Delay:        8.793ns  (logic 2.069ns (23.529%)  route 6.724ns (76.471%))
  Logic Levels:           9  (LUT2=1 LUT4=1 LUT5=1 LUT6=5 MUXF7=1)
  Clock Path Skew:        -0.033ns (DCD - SCD + CPR)
    Destination Clock Delay (DCD):    4.782ns = ( 14.782 - 10.000 ) 
    Source Clock Delay      (SCD):    5.075ns
    Clock Pessimism Removal (CPR):    0.260ns
  Clock Uncertainty:      0.035ns  ((TSJ^2 + TIJ^2)^1/2 + DJ) / 2 + PE
    Total System Jitter     (TSJ):    0.071ns
    Total Input Jitter      (TIJ):    0.000ns
    Discrete Jitter          (DJ):    0.000ns
    Phase Error              (PE):    0.000ns

    Location             Delay type                Incr(ns)  Path(ns)    Netlist Resource(s)
  -------------------------------------------------------------------    -------------------
                         (clock sys_clk_pin rise edge)
                                                      0.000     0.000 r  
    W5                                                0.000     0.000 r  clk (IN)
                         net (fo=0)                   0.000     0.000    clk
    W5                   IBUF (Prop_ibuf_I_O)         1.458     1.458 r  clk_IBUF_inst/O
                         net (fo=1, routed)           1.967     3.425    clk_IBUF
    BUFGCTRL_X0Y0        BUFG (Prop_bufg_I_O)         0.096     3.521 r  clk_IBUF_BUFG_inst/O
                         net (fo=975, routed)         1.554     5.075    U_RV32I/U_DataPath/U_PC/clk_IBUF_BUFG
    SLICE_X47Y29         FDCE                                         r  U_RV32I/U_DataPath/U_PC/q_reg[3]/C
  -------------------------------------------------------------------    -------------------
    SLICE_X47Y29         FDCE (Prop_fdce_C_Q)         0.456     5.531 r  U_RV32I/U_DataPath/U_PC/q_reg[3]/Q
                         net (fo=54, routed)          1.175     6.706    U_RV32I/U_DataPath/U_PC/Q[3]
    SLICE_X41Y28         LUT6 (Prop_lut6_I1_O)        0.124     6.830 r  U_RV32I/U_DataPath/U_PC/g0_b13/O
                         net (fo=1, routed)           0.000     6.830    U_ROM/q_reg[13]
    SLICE_X41Y28         MUXF7 (Prop_muxf7_I0_O)      0.212     7.042 r  U_ROM/q_reg[13]_i_2/O
                         net (fo=8, routed)           0.332     7.374    U_RV32I/U_DataPath/U_PC/instrCode[10]
    SLICE_X41Y29         LUT6 (Prop_lut6_I5_O)        0.299     7.673 r  U_RV32I/U_DataPath/U_PC/q[26]_i_10/O
                         net (fo=1, routed)           0.407     8.080    U_RV32I/U_ControlUnit/mem_reg_r1_0_31_30_31_i_10
    SLICE_X41Y29         LUT6 (Prop_lut6_I1_O)        0.124     8.204 f  U_RV32I/U_ControlUnit/q[26]_i_6/O
                         net (fo=9, routed)           0.637     8.842    U_RV32I/U_ControlUnit/FSM_sequential_state_reg[3]_3
    SLICE_X39Y33         LUT6 (Prop_lut6_I0_O)        0.124     8.966 f  U_RV32I/U_ControlUnit/mem_reg_r1_0_31_0_5_i_88/O
                         net (fo=10, routed)          0.936     9.902    U_RV32I/U_ControlUnit/mem_reg_r1_0_31_0_5_i_88_n_0
    SLICE_X33Y31         LUT2 (Prop_lut2_I1_O)        0.150    10.052 f  U_RV32I/U_ControlUnit/q[31]_i_14/O
                         net (fo=3, routed)           0.604    10.656    U_RV32I/U_ControlUnit/q[31]_i_14_n_0
    SLICE_X35Y31         LUT6 (Prop_lut6_I0_O)        0.332    10.988 r  U_RV32I/U_ControlUnit/q[31]_i_6/O
                         net (fo=38, routed)          1.180    12.168    U_RV32I/U_DataPath/U_DecReg_RFRD1/q_reg[14]_6
    SLICE_X32Y37         LUT4 (Prop_lut4_I3_O)        0.124    12.292 r  U_RV32I/U_DataPath/U_DecReg_RFRD1/mem_reg_r1_0_31_18_23_i_25/O
                         net (fo=1, routed)           0.635    12.927    U_RV32I/U_ControlUnit/U_DataPath/U_RegFile/mem_reg_r2_0_31_18_23_6
    SLICE_X33Y37         LUT5 (Prop_lut5_I1_O)        0.124    13.051 r  U_RV32I/U_ControlUnit/mem_reg_r1_0_31_18_23_i_5/O
                         net (fo=2, routed)           0.817    13.869    U_DataPath/U_RegFile/mem_reg_r1_0_31_18_23/DIC1
    SLICE_X42Y34         RAMD32                                       r  U_DataPath/U_RegFile/mem_reg_r1_0_31_18_23/RAMC_D1/I
  -------------------------------------------------------------------    -------------------

                         (clock sys_clk_pin rise edge)
                                                     10.000    10.000 r  
    W5                                                0.000    10.000 r  clk (IN)
                         net (fo=0)                   0.000    10.000    clk
    W5                   IBUF (Prop_ibuf_I_O)         1.388    11.388 r  clk_IBUF_inst/O
                         net (fo=1, routed)           1.862    13.250    clk_IBUF
    BUFGCTRL_X0Y0        BUFG (Prop_bufg_I_O)         0.091    13.341 r  clk_IBUF_BUFG_inst/O
                         net (fo=975, routed)         1.441    14.782    U_DataPath/U_RegFile/mem_reg_r1_0_31_18_23/WCLK
    SLICE_X42Y34         RAMD32                                       r  U_DataPath/U_RegFile/mem_reg_r1_0_31_18_23/RAMC_D1/CLK
                         clock pessimism              0.260    15.042    
                         clock uncertainty           -0.035    15.007    
    SLICE_X42Y34         RAMD32 (Setup_ramd32_CLK_I)
                                                     -0.249    14.758    U_DataPath/U_RegFile/mem_reg_r1_0_31_18_23/RAMC_D1
  -------------------------------------------------------------------
                         required time                         14.758    
                         arrival time                         -13.869    
  -------------------------------------------------------------------
                         slack                                  0.889    

Slack (MET) :             0.951ns  (required time - arrival time)
  Source:                 U_RV32I/U_DataPath/U_PC/q_reg[2]/C
                            (rising edge-triggered cell FDCE clocked by sys_clk_pin  {rise@0.000ns fall@5.000ns period=10.000ns})
  Destination:            U_DataPath/U_RegFile/mem_reg_r1_0_31_24_29/RAMA_D1/I
                            (rising edge-triggered cell RAMD32 clocked by sys_clk_pin  {rise@0.000ns fall@5.000ns period=10.000ns})
  Path Group:             sys_clk_pin
  Path Type:              Setup (Max at Slow Process Corner)
  Requirement:            10.000ns  (sys_clk_pin rise@10.000ns - sys_clk_pin rise@0.000ns)
  Data Path Delay:        8.723ns  (logic 1.916ns (21.966%)  route 6.807ns (78.034%))
  Logic Levels:           8  (LUT2=1 LUT3=1 LUT4=1 LUT5=1 LUT6=4)
  Clock Path Skew:        -0.033ns (DCD - SCD + CPR)
    Destination Clock Delay (DCD):    4.783ns = ( 14.783 - 10.000 ) 
    Source Clock Delay      (SCD):    5.076ns
    Clock Pessimism Removal (CPR):    0.260ns
  Clock Uncertainty:      0.035ns  ((TSJ^2 + TIJ^2)^1/2 + DJ) / 2 + PE
    Total System Jitter     (TSJ):    0.071ns
    Total Input Jitter      (TIJ):    0.000ns
    Discrete Jitter          (DJ):    0.000ns
    Phase Error              (PE):    0.000ns

    Location             Delay type                Incr(ns)  Path(ns)    Netlist Resource(s)
  -------------------------------------------------------------------    -------------------
                         (clock sys_clk_pin rise edge)
                                                      0.000     0.000 r  
    W5                                                0.000     0.000 r  clk (IN)
                         net (fo=0)                   0.000     0.000    clk
    W5                   IBUF (Prop_ibuf_I_O)         1.458     1.458 r  clk_IBUF_inst/O
                         net (fo=1, routed)           1.967     3.425    clk_IBUF
    BUFGCTRL_X0Y0        BUFG (Prop_bufg_I_O)         0.096     3.521 r  clk_IBUF_BUFG_inst/O
                         net (fo=975, routed)         1.555     5.076    U_RV32I/U_DataPath/U_PC/clk_IBUF_BUFG
    SLICE_X41Y31         FDCE                                         r  U_RV32I/U_DataPath/U_PC/q_reg[2]/C
  -------------------------------------------------------------------    -------------------
    SLICE_X41Y31         FDCE (Prop_fdce_C_Q)         0.456     5.532 r  U_RV32I/U_DataPath/U_PC/q_reg[2]/Q
                         net (fo=56, routed)          1.150     6.683    U_RV32I/U_DataPath/U_PC/Q[2]
    SLICE_X47Y29         LUT6 (Prop_lut6_I0_O)        0.124     6.807 f  U_RV32I/U_DataPath/U_PC/g1_b30/O
                         net (fo=13, routed)          0.566     7.373    U_ROM/q[31]_i_2
    SLICE_X45Y29         LUT3 (Prop_lut3_I0_O)        0.124     7.497 f  U_ROM/q[26]_i_11/O
                         net (fo=1, routed)           0.584     8.081    U_RV32I/U_ControlUnit/instrCode[3]
    SLICE_X41Y29         LUT6 (Prop_lut6_I4_O)        0.124     8.205 f  U_RV32I/U_ControlUnit/q[26]_i_6/O
                         net (fo=9, routed)           0.637     8.842    U_RV32I/U_ControlUnit/FSM_sequential_state_reg[3]_3
    SLICE_X39Y33         LUT6 (Prop_lut6_I0_O)        0.124     8.966 f  U_RV32I/U_ControlUnit/mem_reg_r1_0_31_0_5_i_88/O
                         net (fo=10, routed)          0.936     9.902    U_RV32I/U_ControlUnit/mem_reg_r1_0_31_0_5_i_88_n_0
    SLICE_X33Y31         LUT2 (Prop_lut2_I1_O)        0.150    10.052 f  U_RV32I/U_ControlUnit/q[31]_i_14/O
                         net (fo=3, routed)           0.604    10.656    U_RV32I/U_ControlUnit/q[31]_i_14_n_0
    SLICE_X35Y31         LUT6 (Prop_lut6_I0_O)        0.332    10.988 r  U_RV32I/U_ControlUnit/q[31]_i_6/O
                         net (fo=38, routed)          0.944    11.932    U_RV32I/U_DataPath/U_DecReg_RFRD1/q_reg[14]_6
    SLICE_X32Y38         LUT4 (Prop_lut4_I3_O)        0.150    12.082 r  U_RV32I/U_DataPath/U_DecReg_RFRD1/mem_reg_r1_0_31_24_29_i_8/O
                         net (fo=2, routed)           0.759    12.841    U_RV32I/U_ControlUnit/q_reg[25]
    SLICE_X34Y39         LUT5 (Prop_lut5_I1_O)        0.332    13.173 r  U_RV32I/U_ControlUnit/mem_reg_r1_0_31_24_29_i_1/O
                         net (fo=2, routed)           0.626    13.799    U_DataPath/U_RegFile/mem_reg_r1_0_31_24_29/DIA1
    SLICE_X38Y38         RAMD32                                       r  U_DataPath/U_RegFile/mem_reg_r1_0_31_24_29/RAMA_D1/I
  -------------------------------------------------------------------    -------------------

                         (clock sys_clk_pin rise edge)
                                                     10.000    10.000 r  
    W5                                                0.000    10.000 r  clk (IN)
                         net (fo=0)                   0.000    10.000    clk
    W5                   IBUF (Prop_ibuf_I_O)         1.388    11.388 r  clk_IBUF_inst/O
                         net (fo=1, routed)           1.862    13.250    clk_IBUF
    BUFGCTRL_X0Y0        BUFG (Prop_bufg_I_O)         0.091    13.341 r  clk_IBUF_BUFG_inst/O
                         net (fo=975, routed)         1.442    14.783    U_DataPath/U_RegFile/mem_reg_r1_0_31_24_29/WCLK
    SLICE_X38Y38         RAMD32                                       r  U_DataPath/U_RegFile/mem_reg_r1_0_31_24_29/RAMA_D1/CLK
                         clock pessimism              0.260    15.043    
                         clock uncertainty           -0.035    15.008    
    SLICE_X38Y38         RAMD32 (Setup_ramd32_CLK_I)
                                                     -0.258    14.750    U_DataPath/U_RegFile/mem_reg_r1_0_31_24_29/RAMA_D1
  -------------------------------------------------------------------
                         required time                         14.750    
                         arrival time                         -13.799    
  -------------------------------------------------------------------
                         slack                                  0.951    

Slack (MET) :             1.004ns  (required time - arrival time)
  Source:                 U_RV32I/U_DataPath/U_PC/q_reg[2]/C
                            (rising edge-triggered cell FDCE clocked by sys_clk_pin  {rise@0.000ns fall@5.000ns period=10.000ns})
  Destination:            U_DataPath/U_RegFile/mem_reg_r2_0_31_18_23/RAMC_D1/I
                            (rising edge-triggered cell RAMD32 clocked by sys_clk_pin  {rise@0.000ns fall@5.000ns period=10.000ns})
  Path Group:             sys_clk_pin
  Path Type:              Setup (Max at Slow Process Corner)
  Requirement:            10.000ns  (sys_clk_pin rise@10.000ns - sys_clk_pin rise@0.000ns)
  Data Path Delay:        8.602ns  (logic 1.682ns (19.552%)  route 6.920ns (80.447%))
  Logic Levels:           8  (LUT2=1 LUT3=1 LUT4=1 LUT5=1 LUT6=4)
  Clock Path Skew:        -0.109ns (DCD - SCD + CPR)
    Destination Clock Delay (DCD):    4.779ns = ( 14.779 - 10.000 ) 
    Source Clock Delay      (SCD):    5.076ns
    Clock Pessimism Removal (CPR):    0.188ns
  Clock Uncertainty:      0.035ns  ((TSJ^2 + TIJ^2)^1/2 + DJ) / 2 + PE
    Total System Jitter     (TSJ):    0.071ns
    Total Input Jitter      (TIJ):    0.000ns
    Discrete Jitter          (DJ):    0.000ns
    Phase Error              (PE):    0.000ns

    Location             Delay type                Incr(ns)  Path(ns)    Netlist Resource(s)
  -------------------------------------------------------------------    -------------------
                         (clock sys_clk_pin rise edge)
                                                      0.000     0.000 r  
    W5                                                0.000     0.000 r  clk (IN)
                         net (fo=0)                   0.000     0.000    clk
    W5                   IBUF (Prop_ibuf_I_O)         1.458     1.458 r  clk_IBUF_inst/O
                         net (fo=1, routed)           1.967     3.425    clk_IBUF
    BUFGCTRL_X0Y0        BUFG (Prop_bufg_I_O)         0.096     3.521 r  clk_IBUF_BUFG_inst/O
                         net (fo=975, routed)         1.555     5.076    U_RV32I/U_DataPath/U_PC/clk_IBUF_BUFG
    SLICE_X41Y31         FDCE                                         r  U_RV32I/U_DataPath/U_PC/q_reg[2]/C
  -------------------------------------------------------------------    -------------------
    SLICE_X41Y31         FDCE (Prop_fdce_C_Q)         0.456     5.532 r  U_RV32I/U_DataPath/U_PC/q_reg[2]/Q
                         net (fo=56, routed)          1.150     6.683    U_RV32I/U_DataPath/U_PC/Q[2]
    SLICE_X47Y29         LUT6 (Prop_lut6_I0_O)        0.124     6.807 f  U_RV32I/U_DataPath/U_PC/g1_b30/O
                         net (fo=13, routed)          0.566     7.373    U_ROM/q[31]_i_2
    SLICE_X45Y29         LUT3 (Prop_lut3_I0_O)        0.124     7.497 f  U_ROM/q[26]_i_11/O
                         net (fo=1, routed)           0.584     8.081    U_RV32I/U_ControlUnit/instrCode[3]
    SLICE_X41Y29         LUT6 (Prop_lut6_I4_O)        0.124     8.205 f  U_RV32I/U_ControlUnit/q[26]_i_6/O
                         net (fo=9, routed)           0.637     8.842    U_RV32I/U_ControlUnit/FSM_sequential_state_reg[3]_3
    SLICE_X39Y33         LUT6 (Prop_lut6_I0_O)        0.124     8.966 f  U_RV32I/U_ControlUnit/mem_reg_r1_0_31_0_5_i_88/O
                         net (fo=10, routed)          0.936     9.902    U_RV32I/U_ControlUnit/mem_reg_r1_0_31_0_5_i_88_n_0
    SLICE_X33Y31         LUT2 (Prop_lut2_I1_O)        0.150    10.052 f  U_RV32I/U_ControlUnit/q[31]_i_14/O
                         net (fo=3, routed)           0.604    10.656    U_RV32I/U_ControlUnit/q[31]_i_14_n_0
    SLICE_X35Y31         LUT6 (Prop_lut6_I0_O)        0.332    10.988 r  U_RV32I/U_ControlUnit/q[31]_i_6/O
                         net (fo=38, routed)          1.180    12.169    U_RV32I/U_DataPath/U_DecReg_RFRD1/q_reg[14]_6
    SLICE_X32Y37         LUT4 (Prop_lut4_I3_O)        0.124    12.293 r  U_RV32I/U_DataPath/U_DecReg_RFRD1/mem_reg_r1_0_31_18_23_i_25/O
                         net (fo=1, routed)           0.635    12.927    U_RV32I/U_ControlUnit/U_DataPath/U_RegFile/mem_reg_r2_0_31_18_23_6
    SLICE_X33Y37         LUT5 (Prop_lut5_I1_O)        0.124    13.051 r  U_RV32I/U_ControlUnit/mem_reg_r1_0_31_18_23_i_5/O
                         net (fo=2, routed)           0.627    13.679    U_DataPath/U_RegFile/mem_reg_r2_0_31_18_23/DIC1
    SLICE_X34Y34         RAMD32                                       r  U_DataPath/U_RegFile/mem_reg_r2_0_31_18_23/RAMC_D1/I
  -------------------------------------------------------------------    -------------------

                         (clock sys_clk_pin rise edge)
                                                     10.000    10.000 r  
    W5                                                0.000    10.000 r  clk (IN)
                         net (fo=0)                   0.000    10.000    clk
    W5                   IBUF (Prop_ibuf_I_O)         1.388    11.388 r  clk_IBUF_inst/O
                         net (fo=1, routed)           1.862    13.250    clk_IBUF
    BUFGCTRL_X0Y0        BUFG (Prop_bufg_I_O)         0.091    13.341 r  clk_IBUF_BUFG_inst/O
                         net (fo=975, routed)         1.438    14.779    U_DataPath/U_RegFile/mem_reg_r2_0_31_18_23/WCLK
    SLICE_X34Y34         RAMD32                                       r  U_DataPath/U_RegFile/mem_reg_r2_0_31_18_23/RAMC_D1/CLK
                         clock pessimism              0.188    14.967    
                         clock uncertainty           -0.035    14.932    
    SLICE_X34Y34         RAMD32 (Setup_ramd32_CLK_I)
                                                     -0.249    14.683    U_DataPath/U_RegFile/mem_reg_r2_0_31_18_23/RAMC_D1
  -------------------------------------------------------------------
                         required time                         14.683    
                         arrival time                         -13.679    
  -------------------------------------------------------------------
                         slack                                  1.004    

Slack (MET) :             1.012ns  (required time - arrival time)
  Source:                 U_RV32I/U_DataPath/U_PC/q_reg[3]/C
                            (rising edge-triggered cell FDCE clocked by sys_clk_pin  {rise@0.000ns fall@5.000ns period=10.000ns})
  Destination:            U_DataPath/U_RegFile/mem_reg_r1_0_31_18_23/RAMA_D1/I
                            (rising edge-triggered cell RAMD32 clocked by sys_clk_pin  {rise@0.000ns fall@5.000ns period=10.000ns})
  Path Group:             sys_clk_pin
  Path Type:              Setup (Max at Slow Process Corner)
  Requirement:            10.000ns  (sys_clk_pin rise@10.000ns - sys_clk_pin rise@0.000ns)
  Data Path Delay:        8.662ns  (logic 2.305ns (26.610%)  route 6.357ns (73.390%))
  Logic Levels:           9  (LUT2=1 LUT4=1 LUT5=1 LUT6=5 MUXF7=1)
  Clock Path Skew:        -0.033ns (DCD - SCD + CPR)
    Destination Clock Delay (DCD):    4.782ns = ( 14.782 - 10.000 ) 
    Source Clock Delay      (SCD):    5.075ns
    Clock Pessimism Removal (CPR):    0.260ns
  Clock Uncertainty:      0.035ns  ((TSJ^2 + TIJ^2)^1/2 + DJ) / 2 + PE
    Total System Jitter     (TSJ):    0.071ns
    Total Input Jitter      (TIJ):    0.000ns
    Discrete Jitter          (DJ):    0.000ns
    Phase Error              (PE):    0.000ns

    Location             Delay type                Incr(ns)  Path(ns)    Netlist Resource(s)
  -------------------------------------------------------------------    -------------------
                         (clock sys_clk_pin rise edge)
                                                      0.000     0.000 r  
    W5                                                0.000     0.000 r  clk (IN)
                         net (fo=0)                   0.000     0.000    clk
    W5                   IBUF (Prop_ibuf_I_O)         1.458     1.458 r  clk_IBUF_inst/O
                         net (fo=1, routed)           1.967     3.425    clk_IBUF
    BUFGCTRL_X0Y0        BUFG (Prop_bufg_I_O)         0.096     3.521 r  clk_IBUF_BUFG_inst/O
                         net (fo=975, routed)         1.554     5.075    U_RV32I/U_DataPath/U_PC/clk_IBUF_BUFG
    SLICE_X47Y29         FDCE                                         r  U_RV32I/U_DataPath/U_PC/q_reg[3]/C
  -------------------------------------------------------------------    -------------------
    SLICE_X47Y29         FDCE (Prop_fdce_C_Q)         0.456     5.531 r  U_RV32I/U_DataPath/U_PC/q_reg[3]/Q
                         net (fo=54, routed)          1.175     6.706    U_RV32I/U_DataPath/U_PC/Q[3]
    SLICE_X41Y28         LUT6 (Prop_lut6_I1_O)        0.124     6.830 r  U_RV32I/U_DataPath/U_PC/g0_b13/O
                         net (fo=1, routed)           0.000     6.830    U_ROM/q_reg[13]
    SLICE_X41Y28         MUXF7 (Prop_muxf7_I0_O)      0.212     7.042 r  U_ROM/q_reg[13]_i_2/O
                         net (fo=8, routed)           0.332     7.374    U_RV32I/U_DataPath/U_PC/instrCode[10]
    SLICE_X41Y29         LUT6 (Prop_lut6_I5_O)        0.299     7.673 r  U_RV32I/U_DataPath/U_PC/q[26]_i_10/O
                         net (fo=1, routed)           0.407     8.080    U_RV32I/U_ControlUnit/mem_reg_r1_0_31_30_31_i_10
    SLICE_X41Y29         LUT6 (Prop_lut6_I1_O)        0.124     8.204 f  U_RV32I/U_ControlUnit/q[26]_i_6/O
                         net (fo=9, routed)           0.637     8.842    U_RV32I/U_ControlUnit/FSM_sequential_state_reg[3]_3
    SLICE_X39Y33         LUT6 (Prop_lut6_I0_O)        0.124     8.966 f  U_RV32I/U_ControlUnit/mem_reg_r1_0_31_0_5_i_88/O
                         net (fo=10, routed)          0.936     9.902    U_RV32I/U_ControlUnit/mem_reg_r1_0_31_0_5_i_88_n_0
    SLICE_X33Y31         LUT2 (Prop_lut2_I1_O)        0.150    10.052 f  U_RV32I/U_ControlUnit/q[31]_i_14/O
                         net (fo=3, routed)           0.325    10.377    U_RV32I/U_ControlUnit/q[31]_i_14_n_0
    SLICE_X35Y31         LUT6 (Prop_lut6_I5_O)        0.332    10.709 r  U_RV32I/U_ControlUnit/q[31]_i_3/O
                         net (fo=40, routed)          1.247    11.956    U_RV32I/U_DataPath/U_DecReg_RFRD1/q_reg[15]_3
    SLICE_X32Y34         LUT4 (Prop_lut4_I1_O)        0.152    12.108 r  U_RV32I/U_DataPath/U_DecReg_RFRD1/mem_reg_r1_0_31_18_23_i_8/O
                         net (fo=2, routed)           0.524    12.632    U_RV32I/U_ControlUnit/q_reg[19]_1
    SLICE_X33Y34         LUT5 (Prop_lut5_I1_O)        0.332    12.964 r  U_RV32I/U_ControlUnit/mem_reg_r1_0_31_18_23_i_1/O
                         net (fo=2, routed)           0.774    13.737    U_DataPath/U_RegFile/mem_reg_r1_0_31_18_23/DIA1
    SLICE_X42Y34         RAMD32                                       r  U_DataPath/U_RegFile/mem_reg_r1_0_31_18_23/RAMA_D1/I
  -------------------------------------------------------------------    -------------------

                         (clock sys_clk_pin rise edge)
                                                     10.000    10.000 r  
    W5                                                0.000    10.000 r  clk (IN)
                         net (fo=0)                   0.000    10.000    clk
    W5                   IBUF (Prop_ibuf_I_O)         1.388    11.388 r  clk_IBUF_inst/O
                         net (fo=1, routed)           1.862    13.250    clk_IBUF
    BUFGCTRL_X0Y0        BUFG (Prop_bufg_I_O)         0.091    13.341 r  clk_IBUF_BUFG_inst/O
                         net (fo=975, routed)         1.441    14.782    U_DataPath/U_RegFile/mem_reg_r1_0_31_18_23/WCLK
    SLICE_X42Y34         RAMD32                                       r  U_DataPath/U_RegFile/mem_reg_r1_0_31_18_23/RAMA_D1/CLK
                         clock pessimism              0.260    15.042    
                         clock uncertainty           -0.035    15.007    
    SLICE_X42Y34         RAMD32 (Setup_ramd32_CLK_I)
                                                     -0.258    14.749    U_DataPath/U_RegFile/mem_reg_r1_0_31_18_23/RAMA_D1
  -------------------------------------------------------------------
                         required time                         14.749    
                         arrival time                         -13.737    
  -------------------------------------------------------------------
                         slack                                  1.012    

Slack (MET) :             1.013ns  (required time - arrival time)
  Source:                 U_RV32I/U_DataPath/U_PC/q_reg[3]/C
                            (rising edge-triggered cell FDCE clocked by sys_clk_pin  {rise@0.000ns fall@5.000ns period=10.000ns})
  Destination:            U_DataPath/U_RegFile/mem_reg_r1_0_31_18_23/RAMB_D1/I
                            (rising edge-triggered cell RAMD32 clocked by sys_clk_pin  {rise@0.000ns fall@5.000ns period=10.000ns})
  Path Group:             sys_clk_pin
  Path Type:              Setup (Max at Slow Process Corner)
  Requirement:            10.000ns  (sys_clk_pin rise@10.000ns - sys_clk_pin rise@0.000ns)
  Data Path Delay:        8.690ns  (logic 2.069ns (23.808%)  route 6.621ns (76.192%))
  Logic Levels:           9  (LUT2=1 LUT4=1 LUT6=6 MUXF7=1)
  Clock Path Skew:        -0.033ns (DCD - SCD + CPR)
    Destination Clock Delay (DCD):    4.782ns = ( 14.782 - 10.000 ) 
    Source Clock Delay      (SCD):    5.075ns
    Clock Pessimism Removal (CPR):    0.260ns
  Clock Uncertainty:      0.035ns  ((TSJ^2 + TIJ^2)^1/2 + DJ) / 2 + PE
    Total System Jitter     (TSJ):    0.071ns
    Total Input Jitter      (TIJ):    0.000ns
    Discrete Jitter          (DJ):    0.000ns
    Phase Error              (PE):    0.000ns

    Location             Delay type                Incr(ns)  Path(ns)    Netlist Resource(s)
  -------------------------------------------------------------------    -------------------
                         (clock sys_clk_pin rise edge)
                                                      0.000     0.000 r  
    W5                                                0.000     0.000 r  clk (IN)
                         net (fo=0)                   0.000     0.000    clk
    W5                   IBUF (Prop_ibuf_I_O)         1.458     1.458 r  clk_IBUF_inst/O
                         net (fo=1, routed)           1.967     3.425    clk_IBUF
    BUFGCTRL_X0Y0        BUFG (Prop_bufg_I_O)         0.096     3.521 r  clk_IBUF_BUFG_inst/O
                         net (fo=975, routed)         1.554     5.075    U_RV32I/U_DataPath/U_PC/clk_IBUF_BUFG
    SLICE_X47Y29         FDCE                                         r  U_RV32I/U_DataPath/U_PC/q_reg[3]/C
  -------------------------------------------------------------------    -------------------
    SLICE_X47Y29         FDCE (Prop_fdce_C_Q)         0.456     5.531 r  U_RV32I/U_DataPath/U_PC/q_reg[3]/Q
                         net (fo=54, routed)          1.175     6.706    U_RV32I/U_DataPath/U_PC/Q[3]
    SLICE_X41Y28         LUT6 (Prop_lut6_I1_O)        0.124     6.830 r  U_RV32I/U_DataPath/U_PC/g0_b13/O
                         net (fo=1, routed)           0.000     6.830    U_ROM/q_reg[13]
    SLICE_X41Y28         MUXF7 (Prop_muxf7_I0_O)      0.212     7.042 r  U_ROM/q_reg[13]_i_2/O
                         net (fo=8, routed)           0.332     7.374    U_RV32I/U_DataPath/U_PC/instrCode[10]
    SLICE_X41Y29         LUT6 (Prop_lut6_I5_O)        0.299     7.673 r  U_RV32I/U_DataPath/U_PC/q[26]_i_10/O
                         net (fo=1, routed)           0.407     8.080    U_RV32I/U_ControlUnit/mem_reg_r1_0_31_30_31_i_10
    SLICE_X41Y29         LUT6 (Prop_lut6_I1_O)        0.124     8.204 f  U_RV32I/U_ControlUnit/q[26]_i_6/O
                         net (fo=9, routed)           0.637     8.842    U_RV32I/U_ControlUnit/FSM_sequential_state_reg[3]_3
    SLICE_X39Y33         LUT6 (Prop_lut6_I0_O)        0.124     8.966 f  U_RV32I/U_ControlUnit/mem_reg_r1_0_31_0_5_i_88/O
                         net (fo=10, routed)          0.936     9.902    U_RV32I/U_ControlUnit/mem_reg_r1_0_31_0_5_i_88_n_0
    SLICE_X33Y31         LUT2 (Prop_lut2_I1_O)        0.150    10.052 f  U_RV32I/U_ControlUnit/q[31]_i_14/O
                         net (fo=3, routed)           0.604    10.656    U_RV32I/U_ControlUnit/q[31]_i_14_n_0
    SLICE_X35Y31         LUT6 (Prop_lut6_I0_O)        0.332    10.988 r  U_RV32I/U_ControlUnit/q[31]_i_6/O
                         net (fo=38, routed)          0.867    11.856    U_RV32I/U_DataPath/U_DecReg_RFRD1/q_reg[14]_6
    SLICE_X32Y34         LUT4 (Prop_lut4_I3_O)        0.124    11.980 r  U_RV32I/U_DataPath/U_DecReg_RFRD1/mem_reg_r1_0_31_18_23_i_16/O
                         net (fo=2, routed)           0.740    12.719    U_RV32I/U_ControlUnit/q_reg[21]
    SLICE_X34Y37         LUT6 (Prop_lut6_I1_O)        0.124    12.843 r  U_RV32I/U_ControlUnit/mem_reg_r1_0_31_18_23_i_3/O
                         net (fo=2, routed)           0.922    13.766    U_DataPath/U_RegFile/mem_reg_r1_0_31_18_23/DIB1
    SLICE_X42Y34         RAMD32                                       r  U_DataPath/U_RegFile/mem_reg_r1_0_31_18_23/RAMB_D1/I
  -------------------------------------------------------------------    -------------------

                         (clock sys_clk_pin rise edge)
                                                     10.000    10.000 r  
    W5                                                0.000    10.000 r  clk (IN)
                         net (fo=0)                   0.000    10.000    clk
    W5                   IBUF (Prop_ibuf_I_O)         1.388    11.388 r  clk_IBUF_inst/O
                         net (fo=1, routed)           1.862    13.250    clk_IBUF
    BUFGCTRL_X0Y0        BUFG (Prop_bufg_I_O)         0.091    13.341 r  clk_IBUF_BUFG_inst/O
                         net (fo=975, routed)         1.441    14.782    U_DataPath/U_RegFile/mem_reg_r1_0_31_18_23/WCLK
    SLICE_X42Y34         RAMD32                                       r  U_DataPath/U_RegFile/mem_reg_r1_0_31_18_23/RAMB_D1/CLK
                         clock pessimism              0.260    15.042    
                         clock uncertainty           -0.035    15.007    
    SLICE_X42Y34         RAMD32 (Setup_ramd32_CLK_I)
                                                     -0.228    14.779    U_DataPath/U_RegFile/mem_reg_r1_0_31_18_23/RAMB_D1
  -------------------------------------------------------------------
                         required time                         14.779    
                         arrival time                         -13.766    
  -------------------------------------------------------------------
                         slack                                  1.013    

Slack (MET) :             1.025ns  (required time - arrival time)
  Source:                 U_RV32I/U_DataPath/U_PC/q_reg[3]/C
                            (rising edge-triggered cell FDCE clocked by sys_clk_pin  {rise@0.000ns fall@5.000ns period=10.000ns})
  Destination:            U_DataPath/U_RegFile/mem_reg_r1_0_31_12_17/RAMC_D1/I
                            (rising edge-triggered cell RAMD32 clocked by sys_clk_pin  {rise@0.000ns fall@5.000ns period=10.000ns})
  Path Group:             sys_clk_pin
  Path Type:              Setup (Max at Slow Process Corner)
  Requirement:            10.000ns  (sys_clk_pin rise@10.000ns - sys_clk_pin rise@0.000ns)
  Data Path Delay:        8.654ns  (logic 2.069ns (23.908%)  route 6.585ns (76.092%))
  Logic Levels:           9  (LUT2=1 LUT4=1 LUT6=6 MUXF7=1)
  Clock Path Skew:        -0.037ns (DCD - SCD + CPR)
    Destination Clock Delay (DCD):    4.778ns = ( 14.778 - 10.000 ) 
    Source Clock Delay      (SCD):    5.075ns
    Clock Pessimism Removal (CPR):    0.260ns
  Clock Uncertainty:      0.035ns  ((TSJ^2 + TIJ^2)^1/2 + DJ) / 2 + PE
    Total System Jitter     (TSJ):    0.071ns
    Total Input Jitter      (TIJ):    0.000ns
    Discrete Jitter          (DJ):    0.000ns
    Phase Error              (PE):    0.000ns

    Location             Delay type                Incr(ns)  Path(ns)    Netlist Resource(s)
  -------------------------------------------------------------------    -------------------
                         (clock sys_clk_pin rise edge)
                                                      0.000     0.000 r  
    W5                                                0.000     0.000 r  clk (IN)
                         net (fo=0)                   0.000     0.000    clk
    W5                   IBUF (Prop_ibuf_I_O)         1.458     1.458 r  clk_IBUF_inst/O
                         net (fo=1, routed)           1.967     3.425    clk_IBUF
    BUFGCTRL_X0Y0        BUFG (Prop_bufg_I_O)         0.096     3.521 r  clk_IBUF_BUFG_inst/O
                         net (fo=975, routed)         1.554     5.075    U_RV32I/U_DataPath/U_PC/clk_IBUF_BUFG
    SLICE_X47Y29         FDCE                                         r  U_RV32I/U_DataPath/U_PC/q_reg[3]/C
  -------------------------------------------------------------------    -------------------
    SLICE_X47Y29         FDCE (Prop_fdce_C_Q)         0.456     5.531 r  U_RV32I/U_DataPath/U_PC/q_reg[3]/Q
                         net (fo=54, routed)          1.175     6.706    U_RV32I/U_DataPath/U_PC/Q[3]
    SLICE_X41Y28         LUT6 (Prop_lut6_I1_O)        0.124     6.830 r  U_RV32I/U_DataPath/U_PC/g0_b13/O
                         net (fo=1, routed)           0.000     6.830    U_ROM/q_reg[13]
    SLICE_X41Y28         MUXF7 (Prop_muxf7_I0_O)      0.212     7.042 r  U_ROM/q_reg[13]_i_2/O
                         net (fo=8, routed)           0.332     7.374    U_RV32I/U_DataPath/U_PC/instrCode[10]
    SLICE_X41Y29         LUT6 (Prop_lut6_I5_O)        0.299     7.673 r  U_RV32I/U_DataPath/U_PC/q[26]_i_10/O
                         net (fo=1, routed)           0.407     8.080    U_RV32I/U_ControlUnit/mem_reg_r1_0_31_30_31_i_10
    SLICE_X41Y29         LUT6 (Prop_lut6_I1_O)        0.124     8.204 f  U_RV32I/U_ControlUnit/q[26]_i_6/O
                         net (fo=9, routed)           0.637     8.842    U_RV32I/U_ControlUnit/FSM_sequential_state_reg[3]_3
    SLICE_X39Y33         LUT6 (Prop_lut6_I0_O)        0.124     8.966 f  U_RV32I/U_ControlUnit/mem_reg_r1_0_31_0_5_i_88/O
                         net (fo=10, routed)          0.936     9.902    U_RV32I/U_ControlUnit/mem_reg_r1_0_31_0_5_i_88_n_0
    SLICE_X33Y31         LUT2 (Prop_lut2_I1_O)        0.150    10.052 f  U_RV32I/U_ControlUnit/q[31]_i_14/O
                         net (fo=3, routed)           0.604    10.656    U_RV32I/U_ControlUnit/q[31]_i_14_n_0
    SLICE_X35Y31         LUT6 (Prop_lut6_I0_O)        0.332    10.988 r  U_RV32I/U_ControlUnit/q[31]_i_6/O
                         net (fo=38, routed)          1.078    12.066    U_RV32I/U_DataPath/U_DecReg_RFRD1/q_reg[14]_6
    SLICE_X32Y33         LUT4 (Prop_lut4_I1_O)        0.124    12.190 r  U_RV32I/U_DataPath/U_DecReg_RFRD1/mem_reg_r1_0_31_12_17_i_26/O
                         net (fo=2, routed)           0.796    12.986    U_RV32I/U_DataPath/U_DecReg_RFRD1/mem_reg_r1_0_31_12_17_i_26_n_0
    SLICE_X37Y32         LUT6 (Prop_lut6_I1_O)        0.124    13.110 r  U_RV32I/U_DataPath/U_DecReg_RFRD1/mem_reg_r1_0_31_12_17_i_5/O
                         net (fo=2, routed)           0.619    13.729    U_DataPath/U_RegFile/mem_reg_r1_0_31_12_17/DIC1
    SLICE_X42Y31         RAMD32                                       r  U_DataPath/U_RegFile/mem_reg_r1_0_31_12_17/RAMC_D1/I
  -------------------------------------------------------------------    -------------------

                         (clock sys_clk_pin rise edge)
                                                     10.000    10.000 r  
    W5                                                0.000    10.000 r  clk (IN)
                         net (fo=0)                   0.000    10.000    clk
    W5                   IBUF (Prop_ibuf_I_O)         1.388    11.388 r  clk_IBUF_inst/O
                         net (fo=1, routed)           1.862    13.250    clk_IBUF
    BUFGCTRL_X0Y0        BUFG (Prop_bufg_I_O)         0.091    13.341 r  clk_IBUF_BUFG_inst/O
                         net (fo=975, routed)         1.437    14.778    U_DataPath/U_RegFile/mem_reg_r1_0_31_12_17/WCLK
    SLICE_X42Y31         RAMD32                                       r  U_DataPath/U_RegFile/mem_reg_r1_0_31_12_17/RAMC_D1/CLK
                         clock pessimism              0.260    15.038    
                         clock uncertainty           -0.035    15.003    
    SLICE_X42Y31         RAMD32 (Setup_ramd32_CLK_I)
                                                     -0.249    14.754    U_DataPath/U_RegFile/mem_reg_r1_0_31_12_17/RAMC_D1
  -------------------------------------------------------------------
                         required time                         14.754    
                         arrival time                         -13.729    
  -------------------------------------------------------------------
                         slack                                  1.025    





Min Delay Paths
--------------------------------------------------------------------------------------
Slack (MET) :             0.082ns  (arrival time - required time)
  Source:                 U_APB_Master/temp_wdata_reg_reg[26]/C
                            (rising edge-triggered cell FDCE clocked by sys_clk_pin  {rise@0.000ns fall@5.000ns period=10.000ns})
  Destination:            U_RAM/mem_reg/DIADI[26]
                            (rising edge-triggered cell RAMB36E1 clocked by sys_clk_pin  {rise@0.000ns fall@5.000ns period=10.000ns})
  Path Group:             sys_clk_pin
  Path Type:              Hold (Min at Fast Process Corner)
  Requirement:            0.000ns  (sys_clk_pin rise@0.000ns - sys_clk_pin rise@0.000ns)
  Data Path Delay:        0.457ns  (logic 0.164ns (35.921%)  route 0.293ns (64.079%))
  Logic Levels:           0  
  Clock Path Skew:        0.078ns (DCD - SCD - CPR)
    Destination Clock Delay (DCD):    2.005ns
    Source Clock Delay      (SCD):    1.448ns
    Clock Pessimism Removal (CPR):    0.478ns

    Location             Delay type                Incr(ns)  Path(ns)    Netlist Resource(s)
  -------------------------------------------------------------------    -------------------
                         (clock sys_clk_pin rise edge)
                                                      0.000     0.000 r  
    W5                                                0.000     0.000 r  clk (IN)
                         net (fo=0)                   0.000     0.000    clk
    W5                   IBUF (Prop_ibuf_I_O)         0.226     0.226 r  clk_IBUF_inst/O
                         net (fo=1, routed)           0.631     0.858    clk_IBUF
    BUFGCTRL_X0Y0        BUFG (Prop_bufg_I_O)         0.026     0.884 r  clk_IBUF_BUFG_inst/O
                         net (fo=975, routed)         0.565     1.448    U_APB_Master/clk_IBUF_BUFG
    SLICE_X50Y40         FDCE                                         r  U_APB_Master/temp_wdata_reg_reg[26]/C
  -------------------------------------------------------------------    -------------------
    SLICE_X50Y40         FDCE (Prop_fdce_C_Q)         0.164     1.612 r  U_APB_Master/temp_wdata_reg_reg[26]/Q
                         net (fo=10, routed)          0.293     1.905    U_RAM/mem_reg_2[26]
    RAMB36_X2Y7          RAMB36E1                                     r  U_RAM/mem_reg/DIADI[26]
  -------------------------------------------------------------------    -------------------

                         (clock sys_clk_pin rise edge)
                                                      0.000     0.000 r  
    W5                                                0.000     0.000 r  clk (IN)
                         net (fo=0)                   0.000     0.000    clk
    W5                   IBUF (Prop_ibuf_I_O)         0.414     0.414 r  clk_IBUF_inst/O
                         net (fo=1, routed)           0.685     1.099    clk_IBUF
    BUFGCTRL_X0Y0        BUFG (Prop_bufg_I_O)         0.029     1.128 r  clk_IBUF_BUFG_inst/O
                         net (fo=975, routed)         0.877     2.005    U_RAM/clk_IBUF_BUFG
    RAMB36_X2Y7          RAMB36E1                                     r  U_RAM/mem_reg/CLKARDCLK
                         clock pessimism             -0.478     1.527    
    RAMB36_X2Y7          RAMB36E1 (Hold_ramb36e1_CLKARDCLK_DIADI[26])
                                                      0.296     1.823    U_RAM/mem_reg
  -------------------------------------------------------------------
                         required time                         -1.823    
                         arrival time                           1.905    
  -------------------------------------------------------------------
                         slack                                  0.082    

Slack (MET) :             0.106ns  (arrival time - required time)
  Source:                 U_UART/U_APB_SlaveIntf_uart/slv_reg2_reg[9]/C
                            (rising edge-triggered cell FDCE clocked by sys_clk_pin  {rise@0.000ns fall@5.000ns period=10.000ns})
  Destination:            U_UART/U_APB_SlaveIntf_uart/PRDATA_reg[9]/D
                            (rising edge-triggered cell FDRE clocked by sys_clk_pin  {rise@0.000ns fall@5.000ns period=10.000ns})
  Path Group:             sys_clk_pin
  Path Type:              Hold (Min at Fast Process Corner)
  Requirement:            0.000ns  (sys_clk_pin rise@0.000ns - sys_clk_pin rise@0.000ns)
  Data Path Delay:        0.240ns  (logic 0.186ns (77.466%)  route 0.054ns (22.534%))
  Logic Levels:           1  (LUT4=1)
  Clock Path Skew:        0.013ns (DCD - SCD - CPR)
    Destination Clock Delay (DCD):    1.957ns
    Source Clock Delay      (SCD):    1.446ns
    Clock Pessimism Removal (CPR):    0.498ns

    Location             Delay type                Incr(ns)  Path(ns)    Netlist Resource(s)
  -------------------------------------------------------------------    -------------------
                         (clock sys_clk_pin rise edge)
                                                      0.000     0.000 r  
    W5                                                0.000     0.000 r  clk (IN)
                         net (fo=0)                   0.000     0.000    clk
    W5                   IBUF (Prop_ibuf_I_O)         0.226     0.226 r  clk_IBUF_inst/O
                         net (fo=1, routed)           0.631     0.858    clk_IBUF
    BUFGCTRL_X0Y0        BUFG (Prop_bufg_I_O)         0.026     0.884 r  clk_IBUF_BUFG_inst/O
                         net (fo=975, routed)         0.563     1.446    U_UART/U_APB_SlaveIntf_uart/clk_IBUF_BUFG
    SLICE_X57Y33         FDCE                                         r  U_UART/U_APB_SlaveIntf_uart/slv_reg2_reg[9]/C
  -------------------------------------------------------------------    -------------------
    SLICE_X57Y33         FDCE (Prop_fdce_C_Q)         0.141     1.587 r  U_UART/U_APB_SlaveIntf_uart/slv_reg2_reg[9]/Q
                         net (fo=1, routed)           0.054     1.641    U_UART/U_APB_SlaveIntf_uart/slv_reg2[9]
    SLICE_X56Y33         LUT4 (Prop_lut4_I3_O)        0.045     1.686 r  U_UART/U_APB_SlaveIntf_uart/PRDATA[9]_i_1__0/O
                         net (fo=1, routed)           0.000     1.686    U_UART/U_APB_SlaveIntf_uart/PRDATA[9]_i_1__0_n_0
    SLICE_X56Y33         FDRE                                         r  U_UART/U_APB_SlaveIntf_uart/PRDATA_reg[9]/D
  -------------------------------------------------------------------    -------------------

                         (clock sys_clk_pin rise edge)
                                                      0.000     0.000 r  
    W5                                                0.000     0.000 r  clk (IN)
                         net (fo=0)                   0.000     0.000    clk
    W5                   IBUF (Prop_ibuf_I_O)         0.414     0.414 r  clk_IBUF_inst/O
                         net (fo=1, routed)           0.685     1.099    clk_IBUF
    BUFGCTRL_X0Y0        BUFG (Prop_bufg_I_O)         0.029     1.128 r  clk_IBUF_BUFG_inst/O
                         net (fo=975, routed)         0.830     1.957    U_UART/U_APB_SlaveIntf_uart/clk_IBUF_BUFG
    SLICE_X56Y33         FDRE                                         r  U_UART/U_APB_SlaveIntf_uart/PRDATA_reg[9]/C
                         clock pessimism             -0.498     1.459    
    SLICE_X56Y33         FDRE (Hold_fdre_C_D)         0.121     1.580    U_UART/U_APB_SlaveIntf_uart/PRDATA_reg[9]
  -------------------------------------------------------------------
                         required time                         -1.580    
                         arrival time                           1.686    
  -------------------------------------------------------------------
                         slack                                  0.106    

Slack (MET) :             0.129ns  (arrival time - required time)
  Source:                 U_RV32I/U_DataPath/U_ExeReg_ALU/q_reg[2]/C
                            (rising edge-triggered cell FDCE clocked by sys_clk_pin  {rise@0.000ns fall@5.000ns period=10.000ns})
  Destination:            U_APB_Master/temp_addr_reg_reg[2]/D
                            (rising edge-triggered cell FDCE clocked by sys_clk_pin  {rise@0.000ns fall@5.000ns period=10.000ns})
  Path Group:             sys_clk_pin
  Path Type:              Hold (Min at Fast Process Corner)
  Requirement:            0.000ns  (sys_clk_pin rise@0.000ns - sys_clk_pin rise@0.000ns)
  Data Path Delay:        0.462ns  (logic 0.141ns (30.508%)  route 0.321ns (69.492%))
  Logic Levels:           0  
  Clock Path Skew:        0.267ns (DCD - SCD - CPR)
    Destination Clock Delay (DCD):    1.951ns
    Source Clock Delay      (SCD):    1.435ns
    Clock Pessimism Removal (CPR):    0.249ns

    Location             Delay type                Incr(ns)  Path(ns)    Netlist Resource(s)
  -------------------------------------------------------------------    -------------------
                         (clock sys_clk_pin rise edge)
                                                      0.000     0.000 r  
    W5                                                0.000     0.000 r  clk (IN)
                         net (fo=0)                   0.000     0.000    clk
    W5                   IBUF (Prop_ibuf_I_O)         0.226     0.226 r  clk_IBUF_inst/O
                         net (fo=1, routed)           0.631     0.858    clk_IBUF
    BUFGCTRL_X0Y0        BUFG (Prop_bufg_I_O)         0.026     0.884 r  clk_IBUF_BUFG_inst/O
                         net (fo=975, routed)         0.552     1.435    U_RV32I/U_DataPath/U_ExeReg_ALU/clk_IBUF_BUFG
    SLICE_X35Y28         FDCE                                         r  U_RV32I/U_DataPath/U_ExeReg_ALU/q_reg[2]/C
  -------------------------------------------------------------------    -------------------
    SLICE_X35Y28         FDCE (Prop_fdce_C_Q)         0.141     1.576 r  U_RV32I/U_DataPath/U_ExeReg_ALU/q_reg[2]/Q
                         net (fo=1, routed)           0.321     1.897    U_APB_Master/busAddr[0]
    SLICE_X48Y28         FDCE                                         r  U_APB_Master/temp_addr_reg_reg[2]/D
  -------------------------------------------------------------------    -------------------

                         (clock sys_clk_pin rise edge)
                                                      0.000     0.000 r  
    W5                                                0.000     0.000 r  clk (IN)
                         net (fo=0)                   0.000     0.000    clk
    W5                   IBUF (Prop_ibuf_I_O)         0.414     0.414 r  clk_IBUF_inst/O
                         net (fo=1, routed)           0.685     1.099    clk_IBUF
    BUFGCTRL_X0Y0        BUFG (Prop_bufg_I_O)         0.029     1.128 r  clk_IBUF_BUFG_inst/O
                         net (fo=975, routed)         0.824     1.951    U_APB_Master/clk_IBUF_BUFG
    SLICE_X48Y28         FDCE                                         r  U_APB_Master/temp_addr_reg_reg[2]/C
                         clock pessimism             -0.249     1.702    
    SLICE_X48Y28         FDCE (Hold_fdce_C_D)         0.066     1.768    U_APB_Master/temp_addr_reg_reg[2]
  -------------------------------------------------------------------
                         required time                         -1.768    
                         arrival time                           1.897    
  -------------------------------------------------------------------
                         slack                                  0.129    

Slack (MET) :             0.132ns  (arrival time - required time)
  Source:                 U_UART/U_APB_SlaveIntf_uart/slv_reg2_reg[31]/C
                            (rising edge-triggered cell FDCE clocked by sys_clk_pin  {rise@0.000ns fall@5.000ns period=10.000ns})
  Destination:            U_UART/U_APB_SlaveIntf_uart/PRDATA_reg[31]/D
                            (rising edge-triggered cell FDRE clocked by sys_clk_pin  {rise@0.000ns fall@5.000ns period=10.000ns})
  Path Group:             sys_clk_pin
  Path Type:              Hold (Min at Fast Process Corner)
  Requirement:            0.000ns  (sys_clk_pin rise@0.000ns - sys_clk_pin rise@0.000ns)
  Data Path Delay:        0.266ns  (logic 0.186ns (69.898%)  route 0.080ns (30.103%))
  Logic Levels:           1  (LUT4=1)
  Clock Path Skew:        0.013ns (DCD - SCD - CPR)
    Destination Clock Delay (DCD):    1.964ns
    Source Clock Delay      (SCD):    1.449ns
    Clock Pessimism Removal (CPR):    0.502ns

    Location             Delay type                Incr(ns)  Path(ns)    Netlist Resource(s)
  -------------------------------------------------------------------    -------------------
                         (clock sys_clk_pin rise edge)
                                                      0.000     0.000 r  
    W5                                                0.000     0.000 r  clk (IN)
                         net (fo=0)                   0.000     0.000    clk
    W5                   IBUF (Prop_ibuf_I_O)         0.226     0.226 r  clk_IBUF_inst/O
                         net (fo=1, routed)           0.631     0.858    clk_IBUF
    BUFGCTRL_X0Y0        BUFG (Prop_bufg_I_O)         0.026     0.884 r  clk_IBUF_BUFG_inst/O
                         net (fo=975, routed)         0.566     1.449    U_UART/U_APB_SlaveIntf_uart/clk_IBUF_BUFG
    SLICE_X53Y44         FDCE                                         r  U_UART/U_APB_SlaveIntf_uart/slv_reg2_reg[31]/C
  -------------------------------------------------------------------    -------------------
    SLICE_X53Y44         FDCE (Prop_fdce_C_Q)         0.141     1.590 r  U_UART/U_APB_SlaveIntf_uart/slv_reg2_reg[31]/Q
                         net (fo=1, routed)           0.080     1.670    U_UART/U_APB_SlaveIntf_uart/slv_reg2[31]
    SLICE_X52Y44         LUT4 (Prop_lut4_I3_O)        0.045     1.715 r  U_UART/U_APB_SlaveIntf_uart/PRDATA[31]_i_2__0/O
                         net (fo=1, routed)           0.000     1.715    U_UART/U_APB_SlaveIntf_uart/PRDATA[31]_i_2__0_n_0
    SLICE_X52Y44         FDRE                                         r  U_UART/U_APB_SlaveIntf_uart/PRDATA_reg[31]/D
  -------------------------------------------------------------------    -------------------

                         (clock sys_clk_pin rise edge)
                                                      0.000     0.000 r  
    W5                                                0.000     0.000 r  clk (IN)
                         net (fo=0)                   0.000     0.000    clk
    W5                   IBUF (Prop_ibuf_I_O)         0.414     0.414 r  clk_IBUF_inst/O
                         net (fo=1, routed)           0.685     1.099    clk_IBUF
    BUFGCTRL_X0Y0        BUFG (Prop_bufg_I_O)         0.029     1.128 r  clk_IBUF_BUFG_inst/O
                         net (fo=975, routed)         0.837     1.964    U_UART/U_APB_SlaveIntf_uart/clk_IBUF_BUFG
    SLICE_X52Y44         FDRE                                         r  U_UART/U_APB_SlaveIntf_uart/PRDATA_reg[31]/C
                         clock pessimism             -0.502     1.462    
    SLICE_X52Y44         FDRE (Hold_fdre_C_D)         0.121     1.583    U_UART/U_APB_SlaveIntf_uart/PRDATA_reg[31]
  -------------------------------------------------------------------
                         required time                         -1.583    
                         arrival time                           1.715    
  -------------------------------------------------------------------
                         slack                                  0.132    

Slack (MET) :             0.132ns  (arrival time - required time)
  Source:                 U_UART/U_APB_SlaveIntf_uart/slv_reg2_reg[19]/C
                            (rising edge-triggered cell FDCE clocked by sys_clk_pin  {rise@0.000ns fall@5.000ns period=10.000ns})
  Destination:            U_UART/U_APB_SlaveIntf_uart/PRDATA_reg[19]/D
                            (rising edge-triggered cell FDRE clocked by sys_clk_pin  {rise@0.000ns fall@5.000ns period=10.000ns})
  Path Group:             sys_clk_pin
  Path Type:              Hold (Min at Fast Process Corner)
  Requirement:            0.000ns  (sys_clk_pin rise@0.000ns - sys_clk_pin rise@0.000ns)
  Data Path Delay:        0.266ns  (logic 0.186ns (69.898%)  route 0.080ns (30.103%))
  Logic Levels:           1  (LUT4=1)
  Clock Path Skew:        0.013ns (DCD - SCD - CPR)
    Destination Clock Delay (DCD):    1.953ns
    Source Clock Delay      (SCD):    1.442ns
    Clock Pessimism Removal (CPR):    0.498ns

    Location             Delay type                Incr(ns)  Path(ns)    Netlist Resource(s)
  -------------------------------------------------------------------    -------------------
                         (clock sys_clk_pin rise edge)
                                                      0.000     0.000 r  
    W5                                                0.000     0.000 r  clk (IN)
                         net (fo=0)                   0.000     0.000    clk
    W5                   IBUF (Prop_ibuf_I_O)         0.226     0.226 r  clk_IBUF_inst/O
                         net (fo=1, routed)           0.631     0.858    clk_IBUF
    BUFGCTRL_X0Y0        BUFG (Prop_bufg_I_O)         0.026     0.884 r  clk_IBUF_BUFG_inst/O
                         net (fo=975, routed)         0.559     1.442    U_UART/U_APB_SlaveIntf_uart/clk_IBUF_BUFG
    SLICE_X57Y29         FDCE                                         r  U_UART/U_APB_SlaveIntf_uart/slv_reg2_reg[19]/C
  -------------------------------------------------------------------    -------------------
    SLICE_X57Y29         FDCE (Prop_fdce_C_Q)         0.141     1.583 r  U_UART/U_APB_SlaveIntf_uart/slv_reg2_reg[19]/Q
                         net (fo=1, routed)           0.080     1.663    U_UART/U_APB_SlaveIntf_uart/slv_reg2[19]
    SLICE_X56Y29         LUT4 (Prop_lut4_I3_O)        0.045     1.708 r  U_UART/U_APB_SlaveIntf_uart/PRDATA[19]_i_1__0/O
                         net (fo=1, routed)           0.000     1.708    U_UART/U_APB_SlaveIntf_uart/PRDATA[19]_i_1__0_n_0
    SLICE_X56Y29         FDRE                                         r  U_UART/U_APB_SlaveIntf_uart/PRDATA_reg[19]/D
  -------------------------------------------------------------------    -------------------

                         (clock sys_clk_pin rise edge)
                                                      0.000     0.000 r  
    W5                                                0.000     0.000 r  clk (IN)
                         net (fo=0)                   0.000     0.000    clk
    W5                   IBUF (Prop_ibuf_I_O)         0.414     0.414 r  clk_IBUF_inst/O
                         net (fo=1, routed)           0.685     1.099    clk_IBUF
    BUFGCTRL_X0Y0        BUFG (Prop_bufg_I_O)         0.029     1.128 r  clk_IBUF_BUFG_inst/O
                         net (fo=975, routed)         0.826     1.953    U_UART/U_APB_SlaveIntf_uart/clk_IBUF_BUFG
    SLICE_X56Y29         FDRE                                         r  U_UART/U_APB_SlaveIntf_uart/PRDATA_reg[19]/C
                         clock pessimism             -0.498     1.455    
    SLICE_X56Y29         FDRE (Hold_fdre_C_D)         0.121     1.576    U_UART/U_APB_SlaveIntf_uart/PRDATA_reg[19]
  -------------------------------------------------------------------
                         required time                         -1.576    
                         arrival time                           1.708    
  -------------------------------------------------------------------
                         slack                                  0.132    

Slack (MET) :             0.140ns  (arrival time - required time)
  Source:                 U_FND/U_APB_SlaveIntf_Fnd/slv_reg0_reg[26]/C
                            (rising edge-triggered cell FDCE clocked by sys_clk_pin  {rise@0.000ns fall@5.000ns period=10.000ns})
  Destination:            U_FND/U_APB_SlaveIntf_Fnd/PRDATA_reg[26]/D
                            (rising edge-triggered cell FDRE clocked by sys_clk_pin  {rise@0.000ns fall@5.000ns period=10.000ns})
  Path Group:             sys_clk_pin
  Path Type:              Hold (Min at Fast Process Corner)
  Requirement:            0.000ns  (sys_clk_pin rise@0.000ns - sys_clk_pin rise@0.000ns)
  Data Path Delay:        0.273ns  (logic 0.186ns (68.106%)  route 0.087ns (31.894%))
  Logic Levels:           1  (LUT3=1)
  Clock Path Skew:        0.013ns (DCD - SCD - CPR)
    Destination Clock Delay (DCD):    1.964ns
    Source Clock Delay      (SCD):    1.449ns
    Clock Pessimism Removal (CPR):    0.502ns

    Location             Delay type                Incr(ns)  Path(ns)    Netlist Resource(s)
  -------------------------------------------------------------------    -------------------
                         (clock sys_clk_pin rise edge)
                                                      0.000     0.000 r  
    W5                                                0.000     0.000 r  clk (IN)
                         net (fo=0)                   0.000     0.000    clk
    W5                   IBUF (Prop_ibuf_I_O)         0.226     0.226 r  clk_IBUF_inst/O
                         net (fo=1, routed)           0.631     0.858    clk_IBUF
    BUFGCTRL_X0Y0        BUFG (Prop_bufg_I_O)         0.026     0.884 r  clk_IBUF_BUFG_inst/O
                         net (fo=975, routed)         0.566     1.449    U_FND/U_APB_SlaveIntf_Fnd/clk_IBUF_BUFG
    SLICE_X53Y43         FDCE                                         r  U_FND/U_APB_SlaveIntf_Fnd/slv_reg0_reg[26]/C
  -------------------------------------------------------------------    -------------------
    SLICE_X53Y43         FDCE (Prop_fdce_C_Q)         0.141     1.590 r  U_FND/U_APB_SlaveIntf_Fnd/slv_reg0_reg[26]/Q
                         net (fo=1, routed)           0.087     1.677    U_FND/U_APB_SlaveIntf_Fnd/slv_reg0_reg_n_0_[26]
    SLICE_X52Y43         LUT3 (Prop_lut3_I2_O)        0.045     1.722 r  U_FND/U_APB_SlaveIntf_Fnd/PRDATA[26]_i_1/O
                         net (fo=1, routed)           0.000     1.722    U_FND/U_APB_SlaveIntf_Fnd/p_0_in[26]
    SLICE_X52Y43         FDRE                                         r  U_FND/U_APB_SlaveIntf_Fnd/PRDATA_reg[26]/D
  -------------------------------------------------------------------    -------------------

                         (clock sys_clk_pin rise edge)
                                                      0.000     0.000 r  
    W5                                                0.000     0.000 r  clk (IN)
                         net (fo=0)                   0.000     0.000    clk
    W5                   IBUF (Prop_ibuf_I_O)         0.414     0.414 r  clk_IBUF_inst/O
                         net (fo=1, routed)           0.685     1.099    clk_IBUF
    BUFGCTRL_X0Y0        BUFG (Prop_bufg_I_O)         0.029     1.128 r  clk_IBUF_BUFG_inst/O
                         net (fo=975, routed)         0.837     1.964    U_FND/U_APB_SlaveIntf_Fnd/clk_IBUF_BUFG
    SLICE_X52Y43         FDRE                                         r  U_FND/U_APB_SlaveIntf_Fnd/PRDATA_reg[26]/C
                         clock pessimism             -0.502     1.462    
    SLICE_X52Y43         FDRE (Hold_fdre_C_D)         0.120     1.582    U_FND/U_APB_SlaveIntf_Fnd/PRDATA_reg[26]
  -------------------------------------------------------------------
                         required time                         -1.582    
                         arrival time                           1.722    
  -------------------------------------------------------------------
                         slack                                  0.140    

Slack (MET) :             0.140ns  (arrival time - required time)
  Source:                 U_UART/U_APB_SlaveIntf_uart/slv_reg2_reg[26]/C
                            (rising edge-triggered cell FDCE clocked by sys_clk_pin  {rise@0.000ns fall@5.000ns period=10.000ns})
  Destination:            U_UART/U_APB_SlaveIntf_uart/PRDATA_reg[26]/D
                            (rising edge-triggered cell FDRE clocked by sys_clk_pin  {rise@0.000ns fall@5.000ns period=10.000ns})
  Path Group:             sys_clk_pin
  Path Type:              Hold (Min at Fast Process Corner)
  Requirement:            0.000ns  (sys_clk_pin rise@0.000ns - sys_clk_pin rise@0.000ns)
  Data Path Delay:        0.273ns  (logic 0.186ns (68.106%)  route 0.087ns (31.894%))
  Logic Levels:           1  (LUT4=1)
  Clock Path Skew:        0.013ns (DCD - SCD - CPR)
    Destination Clock Delay (DCD):    1.964ns
    Source Clock Delay      (SCD):    1.449ns
    Clock Pessimism Removal (CPR):    0.502ns

    Location             Delay type                Incr(ns)  Path(ns)    Netlist Resource(s)
  -------------------------------------------------------------------    -------------------
                         (clock sys_clk_pin rise edge)
                                                      0.000     0.000 r  
    W5                                                0.000     0.000 r  clk (IN)
                         net (fo=0)                   0.000     0.000    clk
    W5                   IBUF (Prop_ibuf_I_O)         0.226     0.226 r  clk_IBUF_inst/O
                         net (fo=1, routed)           0.631     0.858    clk_IBUF
    BUFGCTRL_X0Y0        BUFG (Prop_bufg_I_O)         0.026     0.884 r  clk_IBUF_BUFG_inst/O
                         net (fo=975, routed)         0.566     1.449    U_UART/U_APB_SlaveIntf_uart/clk_IBUF_BUFG
    SLICE_X53Y44         FDCE                                         r  U_UART/U_APB_SlaveIntf_uart/slv_reg2_reg[26]/C
  -------------------------------------------------------------------    -------------------
    SLICE_X53Y44         FDCE (Prop_fdce_C_Q)         0.141     1.590 r  U_UART/U_APB_SlaveIntf_uart/slv_reg2_reg[26]/Q
                         net (fo=1, routed)           0.087     1.677    U_UART/U_APB_SlaveIntf_uart/slv_reg2[26]
    SLICE_X52Y44         LUT4 (Prop_lut4_I3_O)        0.045     1.722 r  U_UART/U_APB_SlaveIntf_uart/PRDATA[26]_i_1__0/O
                         net (fo=1, routed)           0.000     1.722    U_UART/U_APB_SlaveIntf_uart/PRDATA[26]_i_1__0_n_0
    SLICE_X52Y44         FDRE                                         r  U_UART/U_APB_SlaveIntf_uart/PRDATA_reg[26]/D
  -------------------------------------------------------------------    -------------------

                         (clock sys_clk_pin rise edge)
                                                      0.000     0.000 r  
    W5                                                0.000     0.000 r  clk (IN)
                         net (fo=0)                   0.000     0.000    clk
    W5                   IBUF (Prop_ibuf_I_O)         0.414     0.414 r  clk_IBUF_inst/O
                         net (fo=1, routed)           0.685     1.099    clk_IBUF
    BUFGCTRL_X0Y0        BUFG (Prop_bufg_I_O)         0.029     1.128 r  clk_IBUF_BUFG_inst/O
                         net (fo=975, routed)         0.837     1.964    U_UART/U_APB_SlaveIntf_uart/clk_IBUF_BUFG
    SLICE_X52Y44         FDRE                                         r  U_UART/U_APB_SlaveIntf_uart/PRDATA_reg[26]/C
                         clock pessimism             -0.502     1.462    
    SLICE_X52Y44         FDRE (Hold_fdre_C_D)         0.120     1.582    U_UART/U_APB_SlaveIntf_uart/PRDATA_reg[26]
  -------------------------------------------------------------------
                         required time                         -1.582    
                         arrival time                           1.722    
  -------------------------------------------------------------------
                         slack                                  0.140    

Slack (MET) :             0.140ns  (arrival time - required time)
  Source:                 U_GPIOA/U_APB_SlaveInterf_GPIO/slv_reg2_reg[22]/C
                            (rising edge-triggered cell FDCE clocked by sys_clk_pin  {rise@0.000ns fall@5.000ns period=10.000ns})
  Destination:            U_GPIOA/U_APB_SlaveInterf_GPIO/PRDATA_reg[22]/D
                            (rising edge-triggered cell FDRE clocked by sys_clk_pin  {rise@0.000ns fall@5.000ns period=10.000ns})
  Path Group:             sys_clk_pin
  Path Type:              Hold (Min at Fast Process Corner)
  Requirement:            0.000ns  (sys_clk_pin rise@0.000ns - sys_clk_pin rise@0.000ns)
  Data Path Delay:        0.273ns  (logic 0.186ns (68.106%)  route 0.087ns (31.894%))
  Logic Levels:           1  (LUT3=1)
  Clock Path Skew:        0.013ns (DCD - SCD - CPR)
    Destination Clock Delay (DCD):    1.964ns
    Source Clock Delay      (SCD):    1.451ns
    Clock Pessimism Removal (CPR):    0.500ns

    Location             Delay type                Incr(ns)  Path(ns)    Netlist Resource(s)
  -------------------------------------------------------------------    -------------------
                         (clock sys_clk_pin rise edge)
                                                      0.000     0.000 r  
    W5                                                0.000     0.000 r  clk (IN)
                         net (fo=0)                   0.000     0.000    clk
    W5                   IBUF (Prop_ibuf_I_O)         0.226     0.226 r  clk_IBUF_inst/O
                         net (fo=1, routed)           0.631     0.858    clk_IBUF
    BUFGCTRL_X0Y0        BUFG (Prop_bufg_I_O)         0.026     0.884 r  clk_IBUF_BUFG_inst/O
                         net (fo=975, routed)         0.568     1.451    U_GPIOA/U_APB_SlaveInterf_GPIO/clk_IBUF_BUFG
    SLICE_X57Y44         FDCE                                         r  U_GPIOA/U_APB_SlaveInterf_GPIO/slv_reg2_reg[22]/C
  -------------------------------------------------------------------    -------------------
    SLICE_X57Y44         FDCE (Prop_fdce_C_Q)         0.141     1.592 r  U_GPIOA/U_APB_SlaveInterf_GPIO/slv_reg2_reg[22]/Q
                         net (fo=1, routed)           0.087     1.679    U_GPIOA/U_APB_SlaveInterf_GPIO/slv_reg2[22]
    SLICE_X56Y44         LUT3 (Prop_lut3_I0_O)        0.045     1.724 r  U_GPIOA/U_APB_SlaveInterf_GPIO/PRDATA[22]_i_1/O
                         net (fo=1, routed)           0.000     1.724    U_GPIOA/U_APB_SlaveInterf_GPIO/PRDATA[22]_i_1_n_0
    SLICE_X56Y44         FDRE                                         r  U_GPIOA/U_APB_SlaveInterf_GPIO/PRDATA_reg[22]/D
  -------------------------------------------------------------------    -------------------

                         (clock sys_clk_pin rise edge)
                                                      0.000     0.000 r  
    W5                                                0.000     0.000 r  clk (IN)
                         net (fo=0)                   0.000     0.000    clk
    W5                   IBUF (Prop_ibuf_I_O)         0.414     0.414 r  clk_IBUF_inst/O
                         net (fo=1, routed)           0.685     1.099    clk_IBUF
    BUFGCTRL_X0Y0        BUFG (Prop_bufg_I_O)         0.029     1.128 r  clk_IBUF_BUFG_inst/O
                         net (fo=975, routed)         0.837     1.964    U_GPIOA/U_APB_SlaveInterf_GPIO/clk_IBUF_BUFG
    SLICE_X56Y44         FDRE                                         r  U_GPIOA/U_APB_SlaveInterf_GPIO/PRDATA_reg[22]/C
                         clock pessimism             -0.500     1.464    
    SLICE_X56Y44         FDRE (Hold_fdre_C_D)         0.120     1.584    U_GPIOA/U_APB_SlaveInterf_GPIO/PRDATA_reg[22]
  -------------------------------------------------------------------
                         required time                         -1.584    
                         arrival time                           1.724    
  -------------------------------------------------------------------
                         slack                                  0.140    

Slack (MET) :             0.140ns  (arrival time - required time)
  Source:                 U_GPO_Periph/U_APB_SlaveInterf_GPO/slv_reg0_reg[20]/C
                            (rising edge-triggered cell FDCE clocked by sys_clk_pin  {rise@0.000ns fall@5.000ns period=10.000ns})
  Destination:            U_GPO_Periph/U_APB_SlaveInterf_GPO/PRDATA_reg[20]/D
                            (rising edge-triggered cell FDRE clocked by sys_clk_pin  {rise@0.000ns fall@5.000ns period=10.000ns})
  Path Group:             sys_clk_pin
  Path Type:              Hold (Min at Fast Process Corner)
  Requirement:            0.000ns  (sys_clk_pin rise@0.000ns - sys_clk_pin rise@0.000ns)
  Data Path Delay:        0.273ns  (logic 0.186ns (68.106%)  route 0.087ns (31.894%))
  Logic Levels:           1  (LUT3=1)
  Clock Path Skew:        0.013ns (DCD - SCD - CPR)
    Destination Clock Delay (DCD):    1.963ns
    Source Clock Delay      (SCD):    1.450ns
    Clock Pessimism Removal (CPR):    0.500ns

    Location             Delay type                Incr(ns)  Path(ns)    Netlist Resource(s)
  -------------------------------------------------------------------    -------------------
                         (clock sys_clk_pin rise edge)
                                                      0.000     0.000 r  
    W5                                                0.000     0.000 r  clk (IN)
                         net (fo=0)                   0.000     0.000    clk
    W5                   IBUF (Prop_ibuf_I_O)         0.226     0.226 r  clk_IBUF_inst/O
                         net (fo=1, routed)           0.631     0.858    clk_IBUF
    BUFGCTRL_X0Y0        BUFG (Prop_bufg_I_O)         0.026     0.884 r  clk_IBUF_BUFG_inst/O
                         net (fo=975, routed)         0.567     1.450    U_GPO_Periph/U_APB_SlaveInterf_GPO/clk_IBUF_BUFG
    SLICE_X57Y40         FDCE                                         r  U_GPO_Periph/U_APB_SlaveInterf_GPO/slv_reg0_reg[20]/C
  -------------------------------------------------------------------    -------------------
    SLICE_X57Y40         FDCE (Prop_fdce_C_Q)         0.141     1.591 r  U_GPO_Periph/U_APB_SlaveInterf_GPO/slv_reg0_reg[20]/Q
                         net (fo=1, routed)           0.087     1.678    U_GPO_Periph/U_APB_SlaveInterf_GPO/slv_reg0_0[20]
    SLICE_X56Y40         LUT3 (Prop_lut3_I1_O)        0.045     1.723 r  U_GPO_Periph/U_APB_SlaveInterf_GPO/PRDATA[20]_i_1/O
                         net (fo=1, routed)           0.000     1.723    U_GPO_Periph/U_APB_SlaveInterf_GPO/p_0_in[20]
    SLICE_X56Y40         FDRE                                         r  U_GPO_Periph/U_APB_SlaveInterf_GPO/PRDATA_reg[20]/D
  -------------------------------------------------------------------    -------------------

                         (clock sys_clk_pin rise edge)
                                                      0.000     0.000 r  
    W5                                                0.000     0.000 r  clk (IN)
                         net (fo=0)                   0.000     0.000    clk
    W5                   IBUF (Prop_ibuf_I_O)         0.414     0.414 r  clk_IBUF_inst/O
                         net (fo=1, routed)           0.685     1.099    clk_IBUF
    BUFGCTRL_X0Y0        BUFG (Prop_bufg_I_O)         0.029     1.128 r  clk_IBUF_BUFG_inst/O
                         net (fo=975, routed)         0.836     1.963    U_GPO_Periph/U_APB_SlaveInterf_GPO/clk_IBUF_BUFG
    SLICE_X56Y40         FDRE                                         r  U_GPO_Periph/U_APB_SlaveInterf_GPO/PRDATA_reg[20]/C
                         clock pessimism             -0.500     1.463    
    SLICE_X56Y40         FDRE (Hold_fdre_C_D)         0.120     1.583    U_GPO_Periph/U_APB_SlaveInterf_GPO/PRDATA_reg[20]
  -------------------------------------------------------------------
                         required time                         -1.583    
                         arrival time                           1.723    
  -------------------------------------------------------------------
                         slack                                  0.140    

Slack (MET) :             0.140ns  (arrival time - required time)
  Source:                 U_UART/U_APB_SlaveIntf_uart/slv_reg2_reg[16]/C
                            (rising edge-triggered cell FDCE clocked by sys_clk_pin  {rise@0.000ns fall@5.000ns period=10.000ns})
  Destination:            U_UART/U_APB_SlaveIntf_uart/PRDATA_reg[16]/D
                            (rising edge-triggered cell FDRE clocked by sys_clk_pin  {rise@0.000ns fall@5.000ns period=10.000ns})
  Path Group:             sys_clk_pin
  Path Type:              Hold (Min at Fast Process Corner)
  Requirement:            0.000ns  (sys_clk_pin rise@0.000ns - sys_clk_pin rise@0.000ns)
  Data Path Delay:        0.273ns  (logic 0.186ns (68.106%)  route 0.087ns (31.894%))
  Logic Levels:           1  (LUT4=1)
  Clock Path Skew:        0.013ns (DCD - SCD - CPR)
    Destination Clock Delay (DCD):    1.953ns
    Source Clock Delay      (SCD):    1.442ns
    Clock Pessimism Removal (CPR):    0.498ns

    Location             Delay type                Incr(ns)  Path(ns)    Netlist Resource(s)
  -------------------------------------------------------------------    -------------------
                         (clock sys_clk_pin rise edge)
                                                      0.000     0.000 r  
    W5                                                0.000     0.000 r  clk (IN)
                         net (fo=0)                   0.000     0.000    clk
    W5                   IBUF (Prop_ibuf_I_O)         0.226     0.226 r  clk_IBUF_inst/O
                         net (fo=1, routed)           0.631     0.858    clk_IBUF
    BUFGCTRL_X0Y0        BUFG (Prop_bufg_I_O)         0.026     0.884 r  clk_IBUF_BUFG_inst/O
                         net (fo=975, routed)         0.559     1.442    U_UART/U_APB_SlaveIntf_uart/clk_IBUF_BUFG
    SLICE_X57Y29         FDCE                                         r  U_UART/U_APB_SlaveIntf_uart/slv_reg2_reg[16]/C
  -------------------------------------------------------------------    -------------------
    SLICE_X57Y29         FDCE (Prop_fdce_C_Q)         0.141     1.583 r  U_UART/U_APB_SlaveIntf_uart/slv_reg2_reg[16]/Q
                         net (fo=1, routed)           0.087     1.670    U_UART/U_APB_SlaveIntf_uart/slv_reg2[16]
    SLICE_X56Y29         LUT4 (Prop_lut4_I3_O)        0.045     1.715 r  U_UART/U_APB_SlaveIntf_uart/PRDATA[16]_i_1__0/O
                         net (fo=1, routed)           0.000     1.715    U_UART/U_APB_SlaveIntf_uart/PRDATA[16]_i_1__0_n_0
    SLICE_X56Y29         FDRE                                         r  U_UART/U_APB_SlaveIntf_uart/PRDATA_reg[16]/D
  -------------------------------------------------------------------    -------------------

                         (clock sys_clk_pin rise edge)
                                                      0.000     0.000 r  
    W5                                                0.000     0.000 r  clk (IN)
                         net (fo=0)                   0.000     0.000    clk
    W5                   IBUF (Prop_ibuf_I_O)         0.414     0.414 r  clk_IBUF_inst/O
                         net (fo=1, routed)           0.685     1.099    clk_IBUF
    BUFGCTRL_X0Y0        BUFG (Prop_bufg_I_O)         0.029     1.128 r  clk_IBUF_BUFG_inst/O
                         net (fo=975, routed)         0.826     1.953    U_UART/U_APB_SlaveIntf_uart/clk_IBUF_BUFG
    SLICE_X56Y29         FDRE                                         r  U_UART/U_APB_SlaveIntf_uart/PRDATA_reg[16]/C
                         clock pessimism             -0.498     1.455    
    SLICE_X56Y29         FDRE (Hold_fdre_C_D)         0.120     1.575    U_UART/U_APB_SlaveIntf_uart/PRDATA_reg[16]
  -------------------------------------------------------------------
                         required time                         -1.575    
                         arrival time                           1.715    
  -------------------------------------------------------------------
                         slack                                  0.140    





Pulse Width Checks
--------------------------------------------------------------------------------------
Clock Name:         sys_clk_pin
Waveform(ns):       { 0.000 5.000 }
Period(ns):         10.000
Sources:            { clk }

Check Type        Corner  Lib Pin             Reference Pin  Required(ns)  Actual(ns)  Slack(ns)  Location       Pin
Min Period        n/a     RAMB36E1/CLKARDCLK  n/a            2.576         10.000      7.424      RAMB36_X2Y7    U_RAM/mem_reg/CLKARDCLK
Min Period        n/a     BUFG/I              n/a            2.155         10.000      7.845      BUFGCTRL_X0Y0  clk_IBUF_BUFG_inst/I
Min Period        n/a     FDPE/C              n/a            1.000         10.000      9.000      SLICE_X52Y38   U_APB_Master/FSM_onehot_state_reg[0]/C
Min Period        n/a     FDCE/C              n/a            1.000         10.000      9.000      SLICE_X52Y38   U_APB_Master/FSM_onehot_state_reg[1]/C
Min Period        n/a     FDCE/C              n/a            1.000         10.000      9.000      SLICE_X52Y38   U_APB_Master/FSM_onehot_state_reg[2]/C
Min Period        n/a     FDRE/C              n/a            1.000         10.000      9.000      SLICE_X61Y35   U_FND/U_APB_SlaveIntf_Fnd/PRDATA_reg[0]/C
Min Period        n/a     FDRE/C              n/a            1.000         10.000      9.000      SLICE_X58Y36   U_FND/U_APB_SlaveIntf_Fnd/PRDATA_reg[10]/C
Min Period        n/a     FDRE/C              n/a            1.000         10.000      9.000      SLICE_X55Y39   U_FND/U_APB_SlaveIntf_Fnd/PRDATA_reg[11]/C
Min Period        n/a     FDRE/C              n/a            1.000         10.000      9.000      SLICE_X60Y37   U_FND/U_APB_SlaveIntf_Fnd/PRDATA_reg[12]/C
Min Period        n/a     FDCE/C              n/a            1.000         10.000      9.000      SLICE_X64Y47   U_FND/U_FND_CNTL/U_Clk_Div_1khz/div_counter_reg[0]/C
Low Pulse Width   Fast    RAMD32/CLK          n/a            1.250         5.000       3.750      SLICE_X38Y38   U_DataPath/U_RegFile/mem_reg_r1_0_31_24_29/RAMA/CLK
Low Pulse Width   Fast    RAMD32/CLK          n/a            1.250         5.000       3.750      SLICE_X38Y38   U_DataPath/U_RegFile/mem_reg_r1_0_31_24_29/RAMA_D1/CLK
Low Pulse Width   Fast    RAMD32/CLK          n/a            1.250         5.000       3.750      SLICE_X38Y38   U_DataPath/U_RegFile/mem_reg_r1_0_31_24_29/RAMB/CLK
Low Pulse Width   Fast    RAMD32/CLK          n/a            1.250         5.000       3.750      SLICE_X38Y38   U_DataPath/U_RegFile/mem_reg_r1_0_31_24_29/RAMB_D1/CLK
Low Pulse Width   Fast    RAMD32/CLK          n/a            1.250         5.000       3.750      SLICE_X38Y38   U_DataPath/U_RegFile/mem_reg_r1_0_31_24_29/RAMC/CLK
Low Pulse Width   Fast    RAMD32/CLK          n/a            1.250         5.000       3.750      SLICE_X38Y38   U_DataPath/U_RegFile/mem_reg_r1_0_31_24_29/RAMC_D1/CLK
Low Pulse Width   Fast    RAMS32/CLK          n/a            1.250         5.000       3.750      SLICE_X38Y38   U_DataPath/U_RegFile/mem_reg_r1_0_31_24_29/RAMD/CLK
Low Pulse Width   Fast    RAMS32/CLK          n/a            1.250         5.000       3.750      SLICE_X38Y38   U_DataPath/U_RegFile/mem_reg_r1_0_31_24_29/RAMD_D1/CLK
Low Pulse Width   Slow    RAMD32/CLK          n/a            1.250         5.000       3.750      SLICE_X38Y27   U_DataPath/U_RegFile/mem_reg_r2_0_31_0_5/RAMA/CLK
Low Pulse Width   Slow    RAMD32/CLK          n/a            1.250         5.000       3.750      SLICE_X38Y27   U_DataPath/U_RegFile/mem_reg_r2_0_31_0_5/RAMA_D1/CLK
High Pulse Width  Slow    RAMD32/CLK          n/a            1.250         5.000       3.750      SLICE_X42Y34   U_DataPath/U_RegFile/mem_reg_r1_0_31_18_23/RAMC_D1/CLK
High Pulse Width  Slow    RAMS32/CLK          n/a            1.250         5.000       3.750      SLICE_X42Y34   U_DataPath/U_RegFile/mem_reg_r1_0_31_18_23/RAMD/CLK
High Pulse Width  Slow    RAMS32/CLK          n/a            1.250         5.000       3.750      SLICE_X42Y34   U_DataPath/U_RegFile/mem_reg_r1_0_31_18_23/RAMD_D1/CLK
High Pulse Width  Fast    RAMD32/CLK          n/a            1.250         5.000       3.750      SLICE_X42Y37   U_DataPath/U_RegFile/mem_reg_r1_0_31_30_31/RAMA/CLK
High Pulse Width  Fast    RAMD32/CLK          n/a            1.250         5.000       3.750      SLICE_X42Y37   U_DataPath/U_RegFile/mem_reg_r1_0_31_30_31/RAMA_D1/CLK
High Pulse Width  Fast    RAMD32/CLK          n/a            1.250         5.000       3.750      SLICE_X42Y37   U_DataPath/U_RegFile/mem_reg_r1_0_31_30_31/RAMB/CLK
High Pulse Width  Fast    RAMD32/CLK          n/a            1.250         5.000       3.750      SLICE_X42Y37   U_DataPath/U_RegFile/mem_reg_r1_0_31_30_31/RAMB_D1/CLK
High Pulse Width  Fast    RAMD32/CLK          n/a            1.250         5.000       3.750      SLICE_X42Y37   U_DataPath/U_RegFile/mem_reg_r1_0_31_30_31/RAMC/CLK
High Pulse Width  Fast    RAMD32/CLK          n/a            1.250         5.000       3.750      SLICE_X42Y37   U_DataPath/U_RegFile/mem_reg_r1_0_31_30_31/RAMC_D1/CLK
High Pulse Width  Fast    RAMS32/CLK          n/a            1.250         5.000       3.750      SLICE_X42Y37   U_DataPath/U_RegFile/mem_reg_r1_0_31_30_31/RAMD/CLK



